id,set,source,posthoc_label
0,main,bdc,
1,main,bdc,
2,main,bdc,
3,main,bdc,
4,main,bdc,
5,main,bdc,
6,main,bdc,
7,main,bdc,
8,main,bdc,
9,main,bdc,
10,main,bdc,
11,main,bdc,
12,main,bdc,
13,main,bdc,
14,main,bdc,
15,main,bdc,
16,main,bdc,
17,main,bdc,
18,main,bdc,
19,main,bdc,
20,main,bdc,
21,main,bdc,
22,main,bdc,
23,main,bdc,
24,main,bdc,
25,main,bdc,
26,main,bdc,
27,main,bdc,
28,main,bdc,
29,main,bdc,
30,main,bdc,
31,main,bdc,
32,main,bdc,
33,main,bdc,
34,main,bdc,
35,main,bdc,
36,main,bdc,
37,main,bdc,
38,main,bdc,
39,main,bdc,
40,main,bdc,
41,main,bdc,
42,main,bdc,
43,main,bdc,
44,main,bdc,
45,main,bdc,
46,main,bdc,
47,main,bdc,
48,main,bdc,
49,main,bdc,
50,main,bdc,
51,main,bdc,
52,main,bdc,
53,main,bdc,
54,main,bdc,
55,main,bdc,
56,main,bdc,
57,main,bdc,
58,main,bdc,
59,main,bdc,
60,main,bdc,
61,main,bdc,
62,main,bdc,
63,main,bdc,
64,main,bdc,
65,main,bdc,
66,main,bdc,
67,main,bdc,
68,main,bdc,
69,main,bdc,
70,main,bdc,
71,main,bdc,
72,main,bdc,
73,main,bdc,
74,main,bdc,
75,main,bdc,
76,main,bdc,
77,main,bdc,
78,main,bdc,
79,main,bdc,
80,main,bdc,
81,main,bdc,
82,main,bdc,
83,main,bdc,
84,main,bdc,
85,main,bdc,
86,main,bdc,
87,main,bdc,
88,main,bdc,
89,main,bdc,
90,main,bdc,
91,main,bdc,
92,main,bdc,
93,main,bdc,
94,main,bdc,
95,main,bdc,
96,main,bdc,
97,main,bdc,
98,main,bdc,
99,main,bdc,
100,main,bdc,
101,main,bdc,
102,main,bdc,
103,main,bdc,
104,main,bdc,
105,main,bdc,
106,main,bdc,
107,main,bdc,
108,main,bdc,
109,main,bdc,
110,main,bdc,
111,main,bdc,
112,main,bdc,
113,main,bdc,
114,main,bdc,
115,main,bdc,
116,main,bdc,
117,main,bdc,
118,main,bdc,
119,main,bdc,
120,main,bdc,
121,main,bdc,
122,main,bdc,
123,main,bdc,
124,main,bdc,
125,main,bdc,
126,main,bdc,
127,main,bdc,
128,main,bdc,
129,main,bdc,
130,main,bdc,
131,main,bdc,
132,main,bdc,
133,main,bdc,
134,main,bdc,
135,main,bdc,
136,main,bdc,
137,main,bdc,
138,main,bdc,
139,main,bdc,
140,main,bdc,
141,main,bdc,
142,main,bdc,
143,main,bdc,
144,main,bdc,
145,main,bdc,
146,main,bdc,
147,main,bdc,
148,main,bdc,
149,main,bdc,
150,main,bdc,
151,main,bdc,
152,main,bdc,
153,main,bdc,
154,main,bdc,
155,main,bdc,
156,main,bdc,
157,main,bdc,
158,main,bdc,
159,main,bdc,
160,main,bdc,
161,main,bdc,
162,main,bdc,
163,main,bdc,
164,main,bdc,
165,main,bdc,
166,main,bdc,
167,main,bdc,
168,main,bdc,
169,main,bdc,
170,main,bdc,
171,main,bdc,
172,main,bdc,
173,main,bdc,
174,main,bdc,
175,main,bdc,
176,main,bdc,
177,main,bdc,
178,main,bdc,
179,main,bdc,
180,main,bdc,
181,main,bdc,
182,main,bdc,
183,main,bdc,
184,main,bdc,
185,main,bdc,
186,main,bdc,
187,main,bdc,
188,main,bdc,
189,main,bdc,
190,main,bdc,
191,main,bdc,
192,main,bdc,
193,main,bdc,
194,main,bdc,
195,main,bdc,
196,main,bdc,
197,main,bdc,
198,main,bdc,
199,main,bdc,
200,main,bdc,
201,main,bdc,
202,main,bdc,
203,main,bdc,
204,main,bdc,
205,main,bdc,
206,main,bdc,
207,main,bdc,
208,main,bdc,
209,main,bdc,
210,main,bdc,
211,main,bdc,
212,main,bdc,
213,main,bdc,
214,main,bdc,
215,main,bdc,
216,main,bdc,
217,main,bdc,
218,main,bdc,
219,main,bdc,
220,main,bdc,
221,main,bdc,
222,main,bdc,
223,main,bdc,
224,main,bdc,
225,main,bdc,
226,main,bdc,
227,main,bdc,
228,main,bdc,
229,main,bdc,
230,main,bdc,
231,main,bdc,
232,main,bdc,
233,main,bdc,
234,main,bdc,
235,main,bdc,
236,main,bdc,
237,main,bdc,
238,main,bdc,
239,main,bdc,
240,main,bdc,
241,main,bdc,
242,main,bdc,
243,main,bdc,
244,main,bdc,
245,main,bdc,
246,main,bdc,
247,main,bdc,
248,main,bdc,
249,main,bdc,
250,main,bdc,
251,main,bdc,
252,main,bdc,
253,main,bdc,
254,main,bdc,
255,main,bdc,
256,main,bdc,
257,main,bdc,
258,main,bdc,
259,main,bdc,
260,main,bdc,
261,main,bdc,
262,main,bdc,
263,main,bdc,
264,main,bdc,
265,main,bdc,
266,main,bdc,
267,main,bdc,
268,main,bdc,
269,main,bdc,
270,main,bdc,
271,main,bdc,
272,main,bdc,
273,main,bdc,
274,main,bdc,
275,main,bdc,
276,main,bdc,
277,main,bdc,
278,main,bdc,
279,main,bdc,
280,main,bdc,
281,main,bdc,
282,main,bdc,
283,main,bdc,
284,main,bdc,
285,main,bdc,
286,main,bdc,
287,main,bdc,
288,main,bdc,
289,main,bdc,
290,main,bdc,
291,main,bdc,
292,main,bdc,
293,main,bdc,
294,main,bdc,
295,main,bdc,
296,main,bdc,
297,main,bdc,
298,main,bdc,
299,main,bdc,
300,main,bdc,
301,main,bdc,
302,main,bdc,
303,main,bdc,
304,main,bdc,
305,main,bdc,
306,main,bdc,
307,main,bdc,
308,main,bdc,
309,main,bdc,
310,main,bdc,
311,main,bdc,
312,main,bdc,
313,main,bdc,
314,main,bdc,
315,main,bdc,
316,main,bdc,
317,main,bdc,
318,main,bdc,
319,main,bdc,
320,main,bdc,
321,main,bdc,
322,main,bdc,
323,main,bdc,
324,main,bdc,
325,main,bdc,
326,main,bdc,
327,main,bdc,
328,main,bdc,
329,main,bdc,
330,main,bdc,
331,main,bdc,
332,main,bdc,
333,main,bdc,
334,main,bdc,
335,main,bdc,
336,main,bdc,
337,main,bdc,
338,main,bdc,
339,main,bdc,
340,main,bdc,
341,main,bdc,
342,main,bdc,
343,main,bdc,
344,main,bdc,
345,main,bdc,
346,main,bdc,
347,main,bdc,
348,main,bdc,
349,main,bdc,
350,main,bdc,
351,main,bdc,
352,main,bdc,
353,main,bdc,
354,main,bdc,
355,main,bdc,
356,main,bdc,
357,main,bdc,
358,main,bdc,
359,main,bdc,
360,main,bdc,
361,main,bdc,
362,main,bdc,
363,main,bdc,
364,main,bdc,
365,main,bdc,
366,main,bdc,
367,main,bdc,
368,main,bdc,
369,main,bdc,
370,main,bdc,
371,main,bdc,
372,main,bdc,
373,main,bdc,
374,main,bdc,
375,main,bdc,
376,main,bdc,
377,main,bdc,
378,main,bdc,
379,main,bdc,
380,main,bdc,
381,main,bdc,
382,main,bdc,
383,main,bdc,
384,main,bdc,
385,main,bdc,
386,main,bdc,
387,main,bdc,
388,main,bdc,
389,main,bdc,
390,main,bdc,
391,main,bdc,
392,main,bdc,
393,main,bdc,
394,main,bdc,
395,main,bdc,
396,main,bdc,
397,main,bdc,
398,main,bdc,
399,main,bdc,
400,main,bdc,
401,main,bdc,
402,main,bdc,
403,main,bdc,
404,main,bdc,
405,main,bdc,
406,main,bdc,
407,main,bdc,
408,main,bdc,
409,main,bdc,
410,main,bdc,
411,main,bdc,
412,main,bdc,
413,main,bdc,
414,main,bdc,
415,main,bdc,
416,main,bdc,
417,main,bdc,
418,main,bdc,
419,main,bdc,
420,main,bdc,
421,main,bdc,
422,main,bdc,
423,main,bdc,
424,main,bdc,
425,main,bdc,
426,main,bdc,
427,main,bdc,
428,main,bdc,
429,main,bdc,
430,main,bdc,
431,main,bdc,
432,main,bdc,
433,main,bdc,
434,main,bdc,
435,main,bdc,
436,main,bdc,
437,main,bdc,
438,main,bdc,
439,main,bdc,
440,main,bdc,
441,main,bdc,
442,main,bdc,
443,main,bdc,
444,main,bdc,
445,main,bdc,
446,main,bdc,
447,main,bdc,
448,main,bdc,
449,main,bdc,
450,main,bdc,
451,main,bdc,
452,main,bdc,
453,main,bdc,
454,main,bdc,
455,main,bdc,
456,main,bdc,
457,main,bdc,
458,main,bdc,
459,main,bdc,
460,main,bdc,
461,main,bdc,
462,main,bdc,
463,main,bdc,
464,main,bdc,
465,main,bdc,
466,main,bdc,
467,main,bdc,
468,main,bdc,
469,main,bdc,
470,main,bdc,
471,main,bdc,
472,main,bdc,
473,main,bdc,
474,main,bdc,
475,main,bdc,
476,main,bdc,
477,main,bdc,
478,main,bdc,
479,main,bdc,
480,main,bdc,
481,main,bdc,
482,main,bdc,
483,main,bdc,
484,main,bdc,
485,main,bdc,
486,main,bdc,
487,main,bdc,
488,main,bdc,
489,main,bdc,
490,main,bdc,
491,main,bdc,
492,main,bdc,
493,main,bdc,
494,main,bdc,
495,main,bdc,
496,main,bdc,
497,main,bdc,
498,main,bdc,
499,main,bdc,
500,main,bdc,
501,main,bdc,
502,main,bdc,
503,main,bdc,
504,main,bdc,
505,main,bdc,
506,main,bdc,
507,main,bdc,
508,main,bdc,
509,main,bdc,
510,main,bdc,
511,main,bdc,
512,main,bdc,
513,main,bdc,
514,main,bdc,
515,main,bdc,
516,main,bdc,
517,main,bdc,
518,main,bdc,
519,main,bdc,
520,main,bdc,
521,main,bdc,
522,main,bdc,
523,main,bdc,
524,main,bdc,
525,main,bdc,
526,main,bdc,
527,main,bdc,
528,main,bdc,
529,main,bdc,
530,main,bdc,
531,main,bdc,
532,main,bdc,
533,main,bdc,
534,main,bdc,
535,main,bdc,
536,main,bdc,
537,main,bdc,
538,main,bdc,
539,main,bdc,
540,main,bdc,
541,main,bdc,
542,main,bdc,
543,main,bdc,
544,main,bdc,
545,main,bdc,
546,main,bdc,
547,main,bdc,
548,main,bdc,
549,main,bdc,
550,main,bdc,
551,main,bdc,
552,main,bdc,
553,main,bdc,
554,main,bdc,
555,main,bdc,
556,main,bdc,
557,main,bdc,
558,main,bdc,
559,main,bdc,
560,main,bdc,
561,main,bdc,
562,main,bdc,
563,main,bdc,
564,main,bdc,
565,main,bdc,
566,main,bdc,
567,main,bdc,
568,main,bdc,
569,main,bdc,
570,main,bdc,
571,main,bdc,
572,main,bdc,
573,main,bdc,
574,main,bdc,
575,main,bdc,
576,main,bdc,
577,main,bdc,
578,main,bdc,
579,main,bdc,
580,main,bdc,
581,main,bdc,
582,main,bdc,
583,main,bdc,
584,main,bdc,
585,main,bdc,
586,main,bdc,
587,main,bdc,
588,main,bdc,
589,main,bdc,
590,main,bdc,
591,main,bdc,
592,main,bdc,
593,main,bdc,
594,main,bdc,
595,main,bdc,
596,main,bdc,
597,main,bdc,
598,main,bdc,
599,main,bdc,
600,main,bdc,
601,main,bdc,
602,main,bdc,
603,main,bdc,
604,main,bdc,
605,main,bdc,
606,main,bdc,
607,main,bdc,
608,main,bdc,
609,main,bdc,
610,main,bdc,
611,main,bdc,
612,main,bdc,
613,main,bdc,
614,main,bdc,
615,main,bdc,
616,main,bdc,
617,main,bdc,
618,main,bdc,
619,main,bdc,
620,main,bdc,
621,main,bdc,
622,main,bdc,
623,main,bdc,
624,main,bdc,
625,main,bdc,
626,main,bdc,
627,main,bdc,
628,main,bdc,
629,main,bdc,
630,main,bdc,
631,main,bdc,
632,main,bdc,
633,main,bdc,
634,main,bdc,
635,main,bdc,
636,main,bdc,
637,main,bdc,
638,main,bdc,
639,main,bdc,
640,main,bdc,
641,main,bdc,
642,main,bdc,
643,main,bdc,
644,main,bdc,
645,main,bdc,
646,main,bdc,
647,main,bdc,
648,main,bdc,
649,main,bdc,
650,main,bdc,
651,main,bdc,
652,main,bdc,
653,main,bdc,
654,main,bdc,
655,main,bdc,
656,main,bdc,
657,main,bdc,
658,main,bdc,
659,main,bdc,
660,main,bdc,
661,main,bdc,
662,main,bdc,
663,main,bdc,
664,main,bdc,
665,main,bdc,
666,main,bdc,
667,main,bdc,
668,main,bdc,
669,main,bdc,
670,main,bdc,
671,main,bdc,
672,main,bdc,
673,main,bdc,
674,main,bdc,
675,main,bdc,
676,main,bdc,
677,main,bdc,
678,main,bdc,
679,main,bdc,
680,main,bdc,
681,main,bdc,
682,main,bdc,
683,main,bdc,
684,main,bdc,
685,main,bdc,
686,main,bdc,
687,main,bdc,
688,main,bdc,
689,main,bdc,
690,main,bdc,
691,main,bdc,
692,main,bdc,
693,main,bdc,
694,main,bdc,
695,main,bdc,
696,main,bdc,
697,main,bdc,
698,main,bdc,
699,main,bdc,
700,main,bdc,
701,main,bdc,
702,main,bdc,
703,main,bdc,
704,main,bdc,
705,main,bdc,
706,main,bdc,
707,main,bdc,
708,main,bdc,
709,main,bdc,
710,main,bdc,
711,main,bdc,
712,main,bdc,
713,main,bdc,
714,main,bdc,
715,main,bdc,
716,main,bdc,
717,main,bdc,
718,main,bdc,
719,main,bdc,
720,main,bdc,
721,main,bdc,
722,main,bdc,
723,main,bdc,
724,main,bdc,
725,main,bdc,
726,main,bdc,
727,main,bdc,
728,main,bdc,
729,main,bdc,
730,main,bdc,
731,main,bdc,
732,main,bdc,
733,main,bdc,
734,main,bdc,
735,main,bdc,
736,main,bdc,
737,main,bdc,
738,main,bdc,
739,main,bdc,
740,main,bdc,
741,main,bdc,
742,main,bdc,
743,main,bdc,
744,main,bdc,
745,main,bdc,
746,main,bdc,
747,main,bdc,
748,main,bdc,
749,main,bdc,
750,main,bdc,
751,main,bdc,
752,main,bdc,
753,main,bdc,
754,main,bdc,
755,main,bdc,
756,main,bdc,
757,main,bdc,
758,main,bdc,
759,main,bdc,
760,main,bdc,
761,main,bdc,
762,main,bdc,
763,main,bdc,
764,main,bdc,
765,main,bdc,
766,main,bdc,
767,main,bdc,
768,main,bdc,
769,main,bdc,
770,main,bdc,
771,main,bdc,
772,main,bdc,
773,main,bdc,
774,main,bdc,
775,main,bdc,
776,main,bdc,
777,main,bdc,
778,main,bdc,
779,main,bdc,
780,main,bdc,
781,main,bdc,
782,main,bdc,
783,main,bdc,
784,main,bdc,
785,main,bdc,
786,main,bdc,
787,main,bdc,
788,main,bdc,
789,main,bdc,
790,main,bdc,
791,main,bdc,
792,main,bdc,
793,main,bdc,
794,main,bdc,
795,main,bdc,
796,main,bdc,
797,main,bdc,
798,main,bdc,
799,main,bdc,
800,main,bdc,
801,main,bdc,
802,main,bdc,
803,main,bdc,
804,main,bdc,
805,main,bdc,
806,main,bdc,
807,main,bdc,
808,main,bdc,
809,main,bdc,
810,main,bdc,
811,main,bdc,
812,main,bdc,
813,main,bdc,
814,main,bdc,
815,main,bdc,
816,main,bdc,
817,main,bdc,
818,main,bdc,
819,main,bdc,
820,main,bdc,
821,main,bdc,
822,main,bdc,
823,main,bdc,
824,main,bdc,
825,main,bdc,
826,main,bdc,
827,main,bdc,
828,main,bdc,
829,main,bdc,
830,main,bdc,
831,main,bdc,
832,main,bdc,
833,main,bdc,
834,main,bdc,
835,main,bdc,
836,main,bdc,
837,main,bdc,
838,main,bdc,
839,main,bdc,
840,main,bdc,
841,main,bdc,
842,main,bdc,
843,main,bdc,
844,main,bdc,
845,main,bdc,
846,main,bdc,
847,main,bdc,
848,main,bdc,
849,main,bdc,
850,main,bdc,
851,main,bdc,
852,main,bdc,
853,main,bdc,
854,main,bdc,
855,main,bdc,
856,main,bdc,
857,main,bdc,
858,main,bdc,
859,main,bdc,
860,main,bdc,
861,main,bdc,
862,main,bdc,
863,main,bdc,
864,main,bdc,
865,main,bdc,
866,main,bdc,
867,main,bdc,
868,main,bdc,
869,main,bdc,
870,main,bdc,
871,main,bdc,
872,main,bdc,
873,main,bdc,
874,main,bdc,
875,main,bdc,
876,main,bdc,
877,main,bdc,
878,main,bdc,
879,main,bdc,
880,main,bdc,
881,main,bdc,
882,main,bdc,
883,main,bdc,
884,main,bdc,
885,main,bdc,
886,main,bdc,
887,main,bdc,
888,main,bdc,
889,main,bdc,
890,main,bdc,
891,main,bdc,
892,main,bdc,
893,main,bdc,
894,main,bdc,
895,main,bdc,
896,main,bdc,
897,main,bdc,
898,main,bdc,
899,main,bdc,
900,main,bdc,
901,main,bdc,
902,main,bdc,
903,main,bdc,
904,main,bdc,
905,main,bdc,
906,main,bdc,
907,main,bdc,
908,main,bdc,
909,main,bdc,
910,main,bdc,
911,main,bdc,
912,main,bdc,
913,main,bdc,
914,main,bdc,
915,main,bdc,
916,main,bdc,
917,main,bdc,
918,main,bdc,
919,main,bdc,
920,main,bdc,
921,main,bdc,
922,main,bdc,
923,main,bdc,
924,main,bdc,
925,main,bdc,
926,main,bdc,
927,main,bdc,
928,main,bdc,
929,main,bdc,
930,main,bdc,
931,main,bdc,
932,main,bdc,
933,main,bdc,
934,main,bdc,
935,main,bdc,
936,main,bdc,
937,main,bdc,
938,main,bdc,
939,main,bdc,
940,main,bdc,
941,main,bdc,
942,main,bdc,
943,main,bdc,
944,main,bdc,
945,main,bdc,
946,main,bdc,
947,main,bdc,
948,main,bdc,
949,main,bdc,
950,main,bdc,
951,main,bdc,
952,main,bdc,
953,main,bdc,
954,main,bdc,
955,main,bdc,
956,main,bdc,
957,main,bdc,
958,main,bdc,
959,main,bdc,
960,main,bdc,
961,main,bdc,
962,main,bdc,
963,main,bdc,
964,main,bdc,
965,main,bdc,
966,main,bdc,
967,main,bdc,
968,main,bdc,
969,main,bdc,
970,main,bdc,
971,main,bdc,
972,main,bdc,
973,main,bdc,
974,main,bdc,
975,main,bdc,
976,main,bdc,
977,main,bdc,
978,main,bdc,
979,main,bdc,
980,main,bdc,
981,main,bdc,
982,main,bdc,
983,main,bdc,
984,main,bdc,
985,main,bdc,
986,main,bdc,
987,main,bdc,
988,main,bdc,
989,main,bdc,
990,main,bdc,
991,main,bdc,
992,main,bdc,
993,main,bdc,
994,main,bdc,
995,main,bdc,
996,main,bdc,
997,main,bdc,
998,main,bdc,
999,main,bdc,
1000,main,bdc,
1001,main,bdc,
1002,main,bdc,
1003,main,bdc,
1004,main,bdc,
1005,main,bdc,
1006,main,bdc,
1007,main,bdc,
1008,main,bdc,
1009,main,bdc,
1010,main,bdc,
1011,main,bdc,
1012,main,bdc,
1013,main,bdc,
1014,main,bdc,
1015,main,bdc,
1016,main,bdc,
1017,main,bdc,
1018,main,bdc,
1019,main,bdc,
1020,main,bdc,
1021,main,bdc,
1022,main,bdc,
1023,main,bdc,
1024,main,bdc,
1025,main,bdc,
1026,main,bdc,
1027,main,bdc,
1028,main,bdc,
1029,main,bdc,
1030,main,bdc,
1031,main,bdc,
1032,main,bdc,
1033,main,bdc,
1034,main,bdc,
1035,main,bdc,
1036,main,bdc,
1037,main,bdc,
1038,main,bdc,
1039,main,bdc,
1040,main,bdc,
1041,main,bdc,
1042,main,bdc,
1043,main,bdc,
1044,main,bdc,
1045,main,bdc,
1046,main,bdc,
1047,main,bdc,
1048,main,bdc,
1049,main,bdc,
1050,main,bdc,
1051,main,bdc,
1052,main,bdc,
1053,main,bdc,
1054,main,bdc,
1055,main,bdc,
1056,main,bdc,
1057,main,bdc,
1058,main,bdc,
1059,main,bdc,
1060,main,bdc,
1061,main,bdc,
1062,main,bdc,
1063,main,bdc,
1064,main,bdc,
1065,main,bdc,
1066,main,bdc,
1067,main,bdc,
1068,main,bdc,
1069,main,bdc,
1070,main,bdc,
1071,main,bdc,
1072,main,bdc,
1073,main,bdc,
1074,main,bdc,
1075,main,bdc,
1076,main,bdc,
1077,main,bdc,
1078,main,bdc,
1079,main,bdc,
1080,main,bdc,
1081,main,bdc,
1082,main,bdc,
1083,main,bdc,
1084,main,bdc,
1085,main,bdc,
1086,main,bdc,
1087,main,bdc,
1088,main,bdc,
1089,main,bdc,
1090,main,bdc,
1091,main,bdc,
1092,main,bdc,
1093,main,bdc,
1094,main,bdc,
1095,main,bdc,
1096,main,bdc,
1097,main,bdc,
1098,main,bdc,
1099,main,bdc,
1100,main,bdc,
1101,main,bdc,
1102,main,bdc,
1103,main,bdc,
1104,main,bdc,
1105,main,bdc,
1106,main,bdc,
1107,main,bdc,
1108,main,bdc,
1109,main,bdc,
1110,main,bdc,
1111,main,bdc,
1112,main,bdc,
1113,main,bdc,
1114,main,bdc,
1115,main,bdc,
1116,main,bdc,
1117,main,bdc,
1118,main,bdc,
1119,main,bdc,
1120,main,bdc,
1121,main,bdc,
1122,main,bdc,
1123,main,bdc,
1124,main,bdc,
1125,main,bdc,
1126,main,bdc,
1127,main,bdc,
1128,main,bdc,
1129,main,bdc,
1130,main,bdc,
1131,main,bdc,
1132,main,bdc,
1133,main,bdc,
1134,main,bdc,
1135,main,bdc,
1136,main,bdc,
1137,main,bdc,
1138,main,bdc,
1139,main,bdc,
1140,main,bdc,
1141,main,bdc,
1142,main,bdc,
1143,main,bdc,
1144,main,bdc,
1145,main,bdc,
1146,main,bdc,
1147,main,bdc,
1148,main,bdc,
1149,main,bdc,
1150,main,bdc,
1151,main,bdc,
1152,main,bdc,
1153,main,bdc,
1154,main,bdc,
1155,main,bdc,
1156,main,bdc,
1157,main,bdc,
1158,main,bdc,
1159,main,bdc,
1160,main,bdc,
1161,main,bdc,
1162,main,bdc,
1163,main,bdc,
1164,main,bdc,
1165,main,bdc,
1166,main,bdc,
1167,main,bdc,
1168,main,bdc,
1169,main,bdc,
1170,main,bdc,
1171,main,bdc,
1172,main,bdc,
1173,main,bdc,
1174,main,bdc,
1175,main,bdc,
1176,main,bdc,
1177,main,bdc,
1178,main,bdc,
1179,main,bdc,
1180,main,bdc,
1181,main,bdc,
1182,main,bdc,
1183,main,bdc,
1184,main,bdc,
1185,main,bdc,
1186,main,bdc,
1187,main,bdc,
1188,main,bdc,
1189,main,bdc,
1190,main,bdc,
1191,main,bdc,
1192,main,bdc,
1193,main,bdc,
1194,main,bdc,
1195,main,bdc,
1196,main,bdc,
1197,main,bdc,
1198,main,bdc,
1199,main,bdc,
1200,main,bdc,
1201,main,bdc,
1202,main,bdc,
1203,main,bdc,
1204,main,bdc,
1205,main,bdc,
1206,main,bdc,
1207,main,bdc,
1208,main,bdc,
1209,main,bdc,
1210,main,bdc,
1211,main,bdc,
1212,main,bdc,
1213,main,bdc,
1214,main,bdc,
1215,main,bdc,
1216,main,bdc,
1217,main,bdc,
1218,main,bdc,
1219,main,bdc,
1220,main,bdc,
1221,main,bdc,
1222,main,bdc,
1223,main,bdc,
1224,main,bdc,
1225,main,bdc,
1226,main,bdc,
1227,main,bdc,
1228,main,bdc,
1229,main,bdc,
1230,main,bdc,
1231,main,bdc,
1232,main,bdc,
1233,main,bdc,
1234,main,bdc,
1235,main,bdc,
1236,main,bdc,
1237,main,bdc,
1238,main,bdc,
1239,main,bdc,
1240,main,bdc,
1241,main,bdc,
1242,main,bdc,
1243,main,bdc,
1244,main,bdc,
1245,main,bdc,
1246,main,bdc,
1247,main,bdc,
1248,main,bdc,
1249,main,bdc,
1250,main,bdc,
1251,main,bdc,
1252,main,bdc,
1253,main,bdc,
1254,main,bdc,
1255,main,bdc,
1256,main,bdc,
1257,main,bdc,
1258,main,bdc,
1259,main,bdc,
1260,main,bdc,
1261,main,bdc,
1262,main,bdc,
1263,main,bdc,
1264,main,bdc,
1265,main,bdc,
1266,main,bdc,
1267,main,bdc,
1268,main,bdc,
1269,main,bdc,
1270,main,bdc,
1271,main,bdc,
1272,main,bdc,
1273,main,bdc,
1274,main,bdc,
1275,main,bdc,
1276,main,bdc,
1277,main,bdc,
1278,main,bdc,
1279,main,bdc,
1280,main,bdc,
1281,main,bdc,
1282,main,bdc,
1283,main,bdc,
1284,main,bdc,
1285,main,bdc,
1286,main,bdc,
1287,main,bdc,
1288,main,bdc,
1289,main,bdc,
1290,main,bdc,
1291,main,bdc,
1292,main,bdc,
1293,main,bdc,
1294,main,bdc,
1295,main,bdc,
1296,main,bdc,
1297,main,bdc,
1298,main,bdc,
1299,main,bdc,
1300,main,bdc,
1301,main,bdc,
1302,main,bdc,
1303,main,bdc,
1304,main,bdc,
1305,main,bdc,
1306,main,bdc,
1307,main,bdc,
1308,main,bdc,
1309,main,bdc,
1310,main,bdc,
1311,main,bdc,
1312,main,bdc,
1313,main,bdc,
1314,main,bdc,
1315,main,bdc,
1316,main,bdc,
1317,main,bdc,
1318,main,bdc,
1319,main,bdc,
1320,main,bdc,
1321,main,bdc,
1322,main,bdc,
1323,main,bdc,
1324,main,bdc,
1325,main,bdc,
1326,main,bdc,
1327,main,bdc,
1328,main,bdc,
1329,main,bdc,
1330,main,bdc,
1331,main,bdc,
1332,main,bdc,
1333,main,bdc,
1334,main,bdc,
1335,main,bdc,
1336,main,bdc,
1337,main,bdc,
1338,main,bdc,
1339,main,bdc,
1340,main,bdc,
1341,main,bdc,
1342,main,bdc,
1343,main,bdc,
1344,main,bdc,
1345,main,bdc,
1346,main,bdc,
1347,main,bdc,
1348,main,bdc,
1349,main,bdc,
1350,main,bdc,
1351,main,bdc,
1352,main,bdc,
1353,main,bdc,
1354,main,bdc,
1355,main,bdc,
1356,main,bdc,
1357,main,bdc,
1358,main,bdc,
1359,main,bdc,
1360,main,bdc,
1361,main,bdc,
1362,main,bdc,
1363,main,bdc,
1364,main,bdc,
1365,main,bdc,
1366,main,bdc,
1367,main,bdc,
1368,main,bdc,
1369,main,bdc,
1370,main,bdc,
1371,main,bdc,
1372,main,bdc,
1373,main,bdc,
1374,main,bdc,
1375,main,bdc,
1376,main,bdc,
1377,main,bdc,
1378,main,bdc,
1379,main,bdc,
1380,main,bdc,
1381,main,bdc,
1382,main,bdc,
1383,main,bdc,
1384,main,bdc,
1385,main,bdc,
1386,main,bdc,
1387,main,bdc,
1388,main,bdc,
1389,main,bdc,
1390,main,bdc,
1391,main,bdc,
1392,main,bdc,
1393,main,bdc,
1394,main,bdc,
1395,main,bdc,
1396,main,bdc,
1397,main,bdc,
1398,main,bdc,
1399,main,bdc,
1400,main,bdc,
1401,main,bdc,
1402,main,bdc,
1403,main,bdc,
1404,main,bdc,
1405,main,bdc,
1406,main,bdc,
1407,main,bdc,
1408,main,bdc,
1409,main,bdc,
1410,main,bdc,
1411,main,bdc,
1412,main,bdc,
1413,main,bdc,
1414,main,bdc,
1415,main,bdc,
1416,main,bdc,
1417,main,bdc,
1418,main,bdc,
1419,main,bdc,
1420,main,bdc,
1421,main,bdc,
1422,main,bdc,
1423,main,bdc,
1424,main,bdc,
1425,main,bdc,
1426,main,bdc,
1427,main,bdc,
1428,main,bdc,
1429,main,bdc,
1430,main,bdc,
1431,main,bdc,
1432,main,bdc,
1433,main,bdc,
1434,main,bdc,
1435,main,bdc,
1436,main,bdc,
1437,main,bdc,
1438,main,bdc,
1439,main,bdc,
1440,main,bdc,
1441,main,bdc,
1442,main,bdc,
1443,main,bdc,
1444,main,bdc,
1445,main,bdc,
1446,main,bdc,
1447,main,bdc,
1448,main,bdc,
1449,main,bdc,
1450,main,bdc,
1451,main,bdc,
1452,main,bdc,
1453,main,bdc,
1454,main,bdc,
1455,main,bdc,
1456,main,bdc,
1457,main,bdc,
1458,main,bdc,
1459,main,bdc,
1460,main,bdc,
1461,main,bdc,
1462,main,bdc,
1463,main,bdc,
1464,main,bdc,
1465,main,bdc,
1466,main,bdc,
1467,main,bdc,
1468,main,bdc,
1469,main,bdc,
1470,main,bdc,
1471,main,bdc,
1472,main,bdc,
1473,main,bdc,
1474,main,bdc,
1475,main,bdc,
1476,main,bdc,
1477,main,bdc,
1478,main,bdc,
1479,main,bdc,
1480,main,bdc,
1481,main,bdc,
1482,main,bdc,
1483,main,bdc,
1484,main,bdc,
1485,main,bdc,
1486,main,bdc,
1487,main,bdc,
1488,main,bdc,
1489,main,bdc,
1490,main,bdc,
1491,main,bdc,
1492,main,bdc,
1493,main,bdc,
1494,main,bdc,
1495,main,bdc,
1496,main,bdc,
1497,main,bdc,
1498,main,bdc,
1499,main,bdc,
1500,main,bdc,
1501,main,bdc,
1502,main,bdc,
1503,main,bdc,
1504,main,bdc,
1505,main,bdc,
1506,main,bdc,
1507,main,bdc,
1508,main,bdc,
1509,main,bdc,
1510,main,bdc,
1511,main,bdc,
1512,main,bdc,
1513,main,bdc,
1514,main,bdc,
1515,main,bdc,
1516,main,bdc,
1517,main,bdc,
1518,main,bdc,
1519,main,bdc,
1520,main,bdc,
1521,main,bdc,
1522,main,bdc,
1523,main,bdc,
1524,main,bdc,
1525,main,bdc,
1526,main,bdc,
1527,main,bdc,
1528,main,bdc,
1529,main,bdc,
1530,main,bdc,
1531,main,bdc,
1532,main,bdc,
1533,main,bdc,
1534,main,bdc,
1535,main,bdc,
1536,main,bdc,
1537,main,bdc,
1538,main,bdc,
1539,main,bdc,
1540,main,bdc,
1541,main,bdc,
1542,main,bdc,
1543,main,bdc,
1544,main,bdc,
1545,main,bdc,
1546,main,bdc,
1547,main,bdc,
1548,main,bdc,
1549,main,bdc,
1550,main,bdc,
1551,main,bdc,
1552,main,bdc,
1553,main,bdc,
1554,main,bdc,
1555,main,bdc,
1556,main,bdc,
1557,main,bdc,
1558,main,bdc,
1559,main,bdc,
1560,main,bdc,
1561,main,bdc,
1562,main,bdc,
1563,main,bdc,
1564,main,bdc,
1565,main,bdc,
1566,main,bdc,
1567,main,bdc,
1568,main,bdc,
1569,main,bdc,
1570,main,bdc,
1571,main,bdc,
1572,main,bdc,
1573,main,bdc,
1574,main,bdc,
1575,main,bdc,
1576,main,bdc,
1577,main,bdc,
1578,main,bdc,
1579,main,bdc,
1580,main,bdc,
1581,main,bdc,
1582,main,bdc,
1583,main,bdc,
1584,main,bdc,
1585,main,bdc,
1586,main,bdc,
1587,main,bdc,
1588,main,bdc,
1589,main,bdc,
1590,main,bdc,
1591,main,bdc,
1592,main,bdc,
1593,main,bdc,
1594,main,bdc,
1595,main,bdc,
1596,main,bdc,
1597,main,bdc,
1598,main,bdc,
1599,main,bdc,
1600,main,bdc,
1601,main,bdc,
1602,main,bdc,
1603,main,bdc,
1604,main,bdc,
1605,main,bdc,
1606,main,bdc,
1607,main,bdc,
1608,main,bdc,
1609,main,bdc,
1610,main,bdc,
1611,main,bdc,
1612,main,bdc,
1613,main,bdc,
1614,main,bdc,
1615,main,bdc,
1616,main,bdc,
1617,main,bdc,
1618,main,bdc,
1619,main,bdc,
1620,main,bdc,
1621,main,bdc,
1622,main,bdc,
1623,main,bdc,
1624,main,bdc,
1625,main,bdc,
1626,main,bdc,
1627,main,bdc,
1628,main,bdc,
1629,main,bdc,
1630,main,bdc,
1631,main,bdc,
1632,main,bdc,
1633,main,bdc,
1634,main,bdc,
1635,main,bdc,
1636,main,bdc,
1637,main,bdc,
1638,main,bdc,
1639,main,bdc,
1640,main,bdc,
1641,main,bdc,
1642,main,bdc,
1643,main,bdc,
1644,main,bdc,
1645,main,bdc,
1646,main,bdc,
1647,main,bdc,
1648,main,bdc,
1649,main,bdc,
1650,main,bdc,
1651,main,bdc,
1652,main,bdc,
1653,main,bdc,
1654,main,bdc,
1655,main,bdc,
1656,main,bdc,
1657,main,bdc,
1658,main,bdc,
1659,main,bdc,
1660,main,bdc,
1661,main,bdc,
1662,main,bdc,
1663,main,bdc,
1664,main,bdc,
1665,main,bdc,
1666,main,bdc,
1667,main,bdc,
1668,main,bdc,
1669,main,bdc,
1670,main,bdc,
1671,main,bdc,
1672,main,bdc,
1673,main,bdc,
1674,main,bdc,
1675,main,bdc,
1676,main,bdc,
1677,main,bdc,
1678,main,bdc,
1679,main,bdc,
1680,main,bdc,
1681,main,bdc,
1682,main,bdc,
1683,main,bdc,
1684,main,bdc,
1685,main,bdc,
1686,main,bdc,
1687,main,bdc,
1688,main,bdc,
1689,main,bdc,
1690,main,bdc,
1691,main,bdc,
1692,main,bdc,
1693,main,bdc,
1694,main,bdc,
1695,main,bdc,
1696,main,bdc,
1697,main,bdc,
1698,main,bdc,
1699,main,bdc,
1700,main,bdc,
1701,main,bdc,
1702,main,bdc,
1703,main,bdc,
1704,main,bdc,
1705,main,bdc,
1706,main,bdc,
1707,main,bdc,
1708,main,bdc,
1709,main,bdc,
1710,main,bdc,
1711,main,bdc,
1712,main,bdc,
1713,main,bdc,
1714,main,bdc,
1715,main,bdc,
1716,main,bdc,
1717,main,bdc,
1718,main,bdc,
1719,main,bdc,
1720,main,bdc,
1721,main,bdc,
1722,main,bdc,
1723,main,bdc,
1724,main,bdc,
1725,main,bdc,
1726,main,bdc,
1727,main,bdc,
1728,main,bdc,
1729,main,bdc,
1730,main,bdc,
1731,main,bdc,
1732,main,bdc,
1733,main,bdc,
1734,main,bdc,
1735,main,bdc,
1736,main,bdc,
1737,main,bdc,
1738,main,bdc,
1739,main,bdc,
1740,main,bdc,
1741,main,bdc,
1742,main,bdc,
1743,main,bdc,
1744,main,bdc,
1745,main,bdc,
1746,main,bdc,
1747,main,bdc,
1748,main,bdc,
1749,main,bdc,
1750,main,bdc,
1751,main,bdc,
1752,main,bdc,
1753,main,bdc,
1754,main,bdc,
1755,main,bdc,
1756,main,bdc,
1757,main,bdc,
1758,main,bdc,
1759,main,bdc,
1760,main,bdc,
1761,main,bdc,
1762,main,bdc,
1763,main,bdc,
1764,main,bdc,
1765,main,bdc,
1766,main,bdc,
1767,main,bdc,
1768,main,bdc,
1769,main,bdc,
1770,main,bdc,
1771,main,bdc,
1772,main,bdc,
1773,main,bdc,
1774,main,bdc,
1775,main,bdc,
1776,main,bdc,
1777,main,bdc,
1778,main,bdc,
1779,main,bdc,
1780,main,bdc,
1781,main,bdc,
1782,main,bdc,
1783,main,bdc,
1784,main,bdc,
1785,main,bdc,
1786,main,bdc,
1787,main,bdc,
1788,main,bdc,
1789,main,bdc,
1790,main,bdc,
1791,main,bdc,
1792,main,bdc,
1793,main,bdc,
1794,main,bdc,
1795,main,bdc,
1796,main,bdc,
1797,main,bdc,
1798,main,bdc,
1799,main,bdc,
1800,main,bdc,
1801,main,bdc,
1802,main,bdc,
1803,main,bdc,
1804,main,bdc,
1805,main,bdc,
1806,main,bdc,
1807,main,bdc,
1808,main,bdc,
1809,main,bdc,
1810,main,bdc,
1811,main,bdc,
1812,main,bdc,
1813,main,bdc,
1814,main,bdc,
1815,main,bdc,
1816,main,bdc,
1817,main,bdc,
1818,main,bdc,
1819,main,bdc,
1820,main,bdc,
1821,main,bdc,
1822,main,bdc,
1823,main,bdc,
1824,main,bdc,
1825,main,bdc,
1826,main,bdc,
1827,main,bdc,
1828,main,bdc,
1829,main,bdc,
1830,main,bdc,
1831,main,bdc,
1832,main,bdc,
1833,main,bdc,
1834,main,bdc,
1835,main,bdc,
1836,main,bdc,
1837,main,bdc,
1838,main,bdc,
1839,main,bdc,
1840,main,bdc,
1841,main,bdc,
1842,main,bdc,
1843,main,bdc,
1844,main,bdc,
1845,main,bdc,
1846,main,bdc,
1847,main,bdc,
1848,main,bdc,
1849,main,bdc,
1850,main,bdc,
1851,main,bdc,
1852,main,bdc,
1853,main,bdc,
1854,main,bdc,
1855,main,bdc,
1856,main,bdc,
1857,main,bdc,
1858,main,bdc,
1859,main,bdc,
1860,main,bdc,
1861,main,bdc,
1862,main,bdc,
1863,main,bdc,
1864,main,bdc,
1865,main,bdc,
1866,main,bdc,
1867,main,bdc,
1868,main,bdc,
1869,main,bdc,
1870,main,bdc,
1871,main,bdc,
1872,main,bdc,
1873,main,bdc,
1874,main,bdc,
1875,main,bdc,
1876,main,bdc,
1877,main,bdc,
1878,main,bdc,
1879,main,bdc,
1880,main,bdc,
1881,main,bdc,
1882,main,bdc,
1883,main,bdc,
1884,main,bdc,
1885,main,bdc,
1886,main,bdc,
1887,main,bdc,
1888,main,bdc,
1889,main,bdc,
1890,main,bdc,
1891,main,bdc,
1892,main,bdc,
1893,main,bdc,
1894,main,bdc,
1895,main,bdc,
1896,main,bdc,
1897,main,bdc,
1898,main,bdc,
1899,main,bdc,
1900,main,bdc,
1901,main,bdc,
1902,main,bdc,
1903,main,bdc,
1904,main,bdc,
1905,main,bdc,
1906,main,bdc,
1907,main,bdc,
1908,main,bdc,
1909,main,bdc,
1910,main,bdc,
1911,main,bdc,
1912,main,bdc,
1913,main,bdc,
1914,main,bdc,
1915,main,bdc,
1916,main,bdc,
1917,main,bdc,
1918,main,bdc,
1919,main,bdc,
1920,main,bdc,
1921,main,bdc,
1922,main,bdc,
1923,main,bdc,
1924,main,bdc,
1925,main,bdc,
1926,main,bdc,
1927,main,bdc,
1928,main,bdc,
1929,main,bdc,
1930,main,bdc,
1931,main,bdc,
1932,main,bdc,
1933,main,bdc,
1934,main,bdc,
1935,main,bdc,
1936,main,bdc,
1937,main,bdc,
1938,main,bdc,
1939,main,bdc,
1940,main,bdc,
1941,main,bdc,
1942,main,bdc,
1943,main,bdc,
1944,main,bdc,
1945,main,bdc,
1946,main,bdc,
1947,main,bdc,
1948,main,bdc,
1949,main,bdc,
1950,main,bdc,
1951,main,bdc,
1952,main,bdc,
1953,main,bdc,
1954,main,bdc,
1955,main,bdc,
1956,main,bdc,
1957,main,bdc,
1958,main,bdc,
1959,main,bdc,
1960,main,bdc,
1961,main,bdc,
1962,main,bdc,
1963,main,bdc,
1964,main,bdc,
1965,main,bdc,
1966,main,bdc,
1967,main,bdc,
1968,main,bdc,
1969,main,bdc,
1970,main,bdc,
1971,main,bdc,
1972,main,bdc,
1973,main,bdc,
1974,main,bdc,
1975,main,bdc,
1976,main,bdc,
1977,main,bdc,
1978,main,bdc,
1979,main,bdc,
1980,main,bdc,
1981,main,bdc,
1982,main,bdc,
1983,main,bdc,
1984,main,bdc,
1985,main,bdc,
1986,main,bdc,
1987,main,bdc,
1988,main,bdc,
1989,main,bdc,
1990,main,bdc,
1991,main,bdc,
1992,main,bdc,
1993,main,bdc,
1994,main,bdc,
1995,main,bdc,
1996,main,bdc,
1997,main,bdc,
1998,main,bdc,
1999,main,bdc,
2000,main,bdc,
2001,main,bdc,
2002,main,bdc,
2003,main,bdc,
2004,main,bdc,
2005,main,bdc,
2006,main,bdc,
2007,main,bdc,
2008,main,bdc,
2009,main,bdc,
2010,main,bdc,
2011,main,bdc,
2012,main,bdc,
2013,main,bdc,
2014,main,bdc,
2015,main,bdc,
2016,main,bdc,
2017,main,bdc,
2018,main,bdc,
2019,main,bdc,
2020,main,bdc,
2021,main,bdc,
2022,main,bdc,
2023,main,bdc,
2024,main,bdc,
2025,main,bdc,
2026,main,bdc,
2027,main,bdc,
2028,main,bdc,
2029,main,bdc,
2030,main,bdc,
2031,main,bdc,
2032,main,bdc,
2033,main,bdc,
2034,main,bdc,
2035,main,bdc,
2036,main,bdc,
2037,main,bdc,
2038,main,bdc,
2039,main,bdc,
2040,main,bdc,
2041,main,bdc,
2042,main,bdc,
2043,main,bdc,
2044,main,bdc,
2045,main,bdc,
2046,main,bdc,
2047,main,bdc,
2048,main,bdc,
2049,main,bdc,
2050,main,bdc,
2051,main,bdc,
2052,main,bdc,
2053,main,bdc,
2054,main,bdc,
2055,main,bdc,
2056,main,bdc,
2057,main,bdc,
2058,main,bdc,
2059,main,bdc,
2060,main,bdc,
2061,main,bdc,
2062,main,bdc,
2063,main,bdc,
2064,main,bdc,
2065,main,bdc,
2066,main,bdc,
2067,main,bdc,
2068,main,bdc,
2069,main,bdc,
2070,main,bdc,
2071,main,bdc,
2072,main,bdc,
2073,main,bdc,
2074,main,bdc,
2075,main,bdc,
2076,main,bdc,
2077,main,bdc,
2078,main,bdc,
2079,main,bdc,
2080,main,bdc,
2081,main,bdc,
2082,main,bdc,
2083,main,bdc,
2084,main,bdc,
2085,main,bdc,
2086,main,bdc,
2087,main,bdc,
2088,main,bdc,
2089,main,bdc,
2090,main,bdc,
2091,main,bdc,
2092,main,bdc,
2093,main,bdc,
2094,main,bdc,
2095,main,bdc,
2096,main,bdc,
2097,main,bdc,
2098,main,bdc,
2099,main,bdc,
2100,main,bdc,
2101,main,bdc,
2102,main,bdc,
2103,main,bdc,
2104,main,bdc,
2105,main,bdc,
2106,main,bdc,
2107,main,bdc,
2108,main,bdc,
2109,main,bdc,
2110,main,bdc,
2111,main,bdc,
2112,main,bdc,
2113,main,bdc,
2114,main,bdc,
2115,main,bdc,
2116,main,bdc,
2117,main,bdc,
2118,main,bdc,
2119,main,bdc,
2120,main,bdc,
2121,main,bdc,
2122,main,bdc,
2123,main,bdc,
2124,main,bdc,
2125,main,bdc,
2126,main,bdc,
2127,main,bdc,
2128,main,bdc,
2129,main,bdc,
2130,main,bdc,
2131,main,bdc,
2132,main,bdc,
2133,main,bdc,
2134,main,bdc,
2135,main,bdc,
2136,main,bdc,
2137,main,bdc,
2138,main,bdc,
2139,main,bdc,
2140,main,bdc,
2141,main,bdc,
2142,main,bdc,
2143,main,bdc,
2144,main,bdc,
2145,main,bdc,
2146,main,bdc,
2147,main,bdc,
2148,main,bdc,
2149,main,bdc,
2150,main,bdc,
2151,main,bdc,
2152,main,bdc,
2153,main,bdc,
2154,main,bdc,
2155,main,bdc,
2156,main,bdc,
2157,main,bdc,
2158,main,bdc,
2159,main,bdc,
2160,main,bdc,
2161,main,bdc,
2162,main,bdc,
2163,main,bdc,
2164,main,bdc,
2165,main,bdc,
2166,main,bdc,
2167,main,bdc,
2168,main,bdc,
2169,main,bdc,
2170,main,bdc,
2171,main,bdc,
2172,main,bdc,
2173,main,bdc,
2174,main,bdc,
2175,main,bdc,
2176,main,bdc,
2177,main,bdc,
2178,main,bdc,
2179,main,bdc,
2180,main,bdc,
2181,main,bdc,
2182,main,bdc,
2183,main,bdc,
2184,main,bdc,
2185,main,bdc,
2186,main,bdc,
2187,main,bdc,
2188,main,bdc,
2189,main,bdc,
2190,main,bdc,
2191,main,bdc,
2192,main,bdc,
2193,main,bdc,
2194,main,bdc,
2195,main,bdc,
2196,main,bdc,
2197,main,bdc,
2198,main,bdc,
2199,main,bdc,
2200,main,bdc,
2201,main,bdc,
2202,main,bdc,
2203,main,bdc,
2204,main,bdc,
2205,main,bdc,
2206,main,bdc,
2207,main,bdc,
2208,main,bdc,
2209,main,bdc,
2210,main,bdc,
2211,main,bdc,
2212,main,bdc,
2213,main,bdc,
2214,main,bdc,
2215,main,bdc,
2216,main,bdc,
2217,main,bdc,
2218,main,bdc,
2219,main,bdc,
2220,main,bdc,
2221,main,bdc,
2222,main,bdc,
2223,main,bdc,
2224,main,bdc,
2225,main,bdc,
2226,main,bdc,
2227,main,bdc,
2228,main,bdc,
2229,main,bdc,
2230,main,bdc,
2231,main,bdc,
2232,main,bdc,
2233,main,bdc,
2234,main,bdc,
2235,main,bdc,
2236,main,bdc,
2237,main,bdc,
2238,main,bdc,
2239,main,bdc,
2240,main,bdc,
2241,main,bdc,
2242,main,bdc,
2243,main,bdc,
2244,main,bdc,
2245,main,bdc,
2246,main,bdc,
2247,main,bdc,
2248,main,bdc,
2249,main,bdc,
2250,main,bdc,
2251,main,bdc,
2252,main,bdc,
2253,main,bdc,
2254,main,bdc,
2255,main,bdc,
2256,main,bdc,
2257,main,bdc,
2258,main,bdc,
2259,main,bdc,
2260,main,bdc,
2261,main,bdc,
2262,main,bdc,
2263,main,bdc,
2264,main,bdc,
2265,main,bdc,
2266,main,bdc,
2267,main,bdc,
2268,main,bdc,
2269,main,bdc,
2270,main,bdc,
2271,main,bdc,
2272,main,bdc,
2273,main,bdc,
2274,main,bdc,
2275,main,bdc,
2276,main,bdc,
2277,main,bdc,
2278,main,bdc,
2279,main,bdc,
2280,main,bdc,
2281,main,bdc,
2282,main,bdc,
2283,main,bdc,
2284,main,bdc,
2285,main,bdc,
2286,main,bdc,
2287,main,bdc,
2288,main,bdc,
2289,main,bdc,
2290,main,bdc,
2291,main,bdc,
2292,main,bdc,
2293,main,bdc,
2294,main,bdc,
2295,main,bdc,
2296,main,bdc,
2297,main,bdc,
2298,main,bdc,
2299,main,bdc,
2300,main,bdc,
2301,main,bdc,
2302,main,bdc,
2303,main,bdc,
2304,main,bdc,
2305,main,bdc,
2306,main,bdc,
2307,main,bdc,
2308,main,bdc,
2309,main,bdc,
2310,main,bdc,
2311,main,bdc,
2312,main,bdc,
2313,main,bdc,
2314,main,bdc,
2315,main,bdc,
2316,main,bdc,
2317,main,bdc,
2318,main,bdc,
2319,main,bdc,
2320,main,bdc,
2321,main,bdc,
2322,main,bdc,
2323,main,bdc,
2324,main,bdc,
2325,main,bdc,
2326,main,bdc,
2327,main,bdc,
2328,main,bdc,
2329,main,bdc,
2330,main,bdc,
2331,main,bdc,
2332,main,bdc,
2333,main,bdc,
2334,main,bdc,
2335,main,bdc,
2336,main,bdc,
2337,main,bdc,
2338,main,bdc,
2339,main,bdc,
2340,main,bdc,
2341,main,bdc,
2342,main,bdc,
2343,main,bdc,
2344,main,bdc,
2345,main,bdc,
2346,main,bdc,
2347,main,bdc,
2348,main,bdc,
2349,main,bdc,
2350,main,bdc,
2351,main,bdc,
2352,main,bdc,
2353,main,bdc,
2354,main,bdc,
2355,main,bdc,
2356,main,bdc,
2357,main,bdc,
2358,main,bdc,
2359,main,bdc,
2360,main,bdc,
2361,main,bdc,
2362,main,bdc,
2363,main,bdc,
2364,main,bdc,
2365,main,bdc,
2366,main,bdc,
2367,main,bdc,
2368,main,bdc,
2369,main,bdc,
2370,main,bdc,
2371,main,bdc,
2372,main,bdc,
2373,main,bdc,
2374,main,bdc,
2375,main,bdc,
2376,main,bdc,
2377,main,bdc,
2378,main,bdc,
2379,main,bdc,
2380,main,bdc,
2381,main,bdc,
2382,main,bdc,
2383,main,bdc,
2384,main,bdc,
2385,main,bdc,
2386,main,bdc,
2387,main,bdc,
2388,main,bdc,
2389,main,bdc,
2390,main,bdc,
2391,main,bdc,
2392,main,bdc,
2393,main,bdc,
2394,main,bdc,
2395,main,bdc,
2396,main,bdc,
2397,main,bdc,
2398,main,bdc,
2399,main,bdc,
2400,main,bdc,
2401,main,bdc,
2402,main,bdc,
2403,main,bdc,
2404,main,bdc,
2405,main,bdc,
2406,main,bdc,
2407,main,bdc,
2408,main,bdc,
2409,main,bdc,
2410,main,bdc,
2411,main,bdc,
2412,main,bdc,
2413,main,bdc,
2414,main,bdc,
2415,main,bdc,
2416,main,bdc,
2417,main,bdc,
2418,main,bdc,
2419,main,bdc,
2420,main,bdc,
2421,main,bdc,
2422,main,bdc,
2423,main,bdc,
2424,main,bdc,
2425,main,bdc,
2426,main,bdc,
2427,main,bdc,
2428,main,bdc,
2429,main,bdc,
2430,main,bdc,
2431,main,bdc,
2432,main,bdc,
2433,main,bdc,
2434,main,bdc,
2435,main,bdc,
2436,main,bdc,
2437,main,bdc,
2438,main,bdc,
2439,main,bdc,
2440,main,bdc,
2441,main,bdc,
2442,main,bdc,
2443,main,bdc,
2444,main,bdc,
2445,main,bdc,
2446,main,bdc,
2447,main,bdc,
2448,main,bdc,
2449,main,bdc,
2450,main,bdc,
2451,main,bdc,
2452,main,bdc,
2453,main,bdc,
2454,main,bdc,
2455,main,bdc,
2456,main,bdc,
2457,main,bdc,
2458,main,bdc,
2459,main,bdc,
2460,main,bdc,
2461,main,bdc,
2462,main,bdc,
2463,main,bdc,
2464,main,bdc,
2465,main,bdc,
2466,main,bdc,
2467,main,bdc,
2468,main,bdc,
2469,main,bdc,
2470,main,bdc,
2471,main,bdc,
2472,main,bdc,
2473,main,bdc,
2474,main,bdc,
2475,main,bdc,
2476,main,bdc,
2477,main,bdc,
2478,main,bdc,
2479,main,bdc,
2480,main,bdc,
2481,main,bdc,
2482,main,bdc,
2483,main,bdc,
2484,main,bdc,
2485,main,bdc,
2486,main,bdc,
2487,main,bdc,
2488,main,bdc,
2489,main,bdc,
2490,main,bdc,
2491,main,bdc,
2492,main,bdc,
2493,main,bdc,
2494,main,bdc,
2495,main,bdc,
2496,main,bdc,
2497,main,bdc,
2498,main,bdc,
2499,main,bdc,
2500,main,bdc,
2501,main,bdc,
2502,main,bdc,
2503,main,bdc,
2504,main,bdc,
2505,main,bdc,
2506,main,bdc,
2507,main,bdc,
2508,main,bdc,
2509,main,bdc,
2510,main,bdc,
2511,main,bdc,
2512,main,bdc,
2513,main,bdc,
2514,main,bdc,
2515,main,bdc,
2516,main,bdc,
2517,main,bdc,
2518,main,bdc,
2519,main,bdc,
2520,main,bdc,
2521,main,bdc,
2522,main,bdc,
2523,main,bdc,
2524,main,bdc,
2525,main,bdc,
2526,main,bdc,
2527,main,bdc,
2528,main,bdc,
2529,main,bdc,
2530,main,bdc,
2531,main,bdc,
2532,main,bdc,
2533,main,bdc,
2534,main,bdc,
2535,main,bdc,
2536,main,bdc,
2537,main,bdc,
2538,main,bdc,
2539,main,bdc,
2540,main,bdc,
2541,main,bdc,
2542,main,bdc,
2543,main,bdc,
2544,main,bdc,
2545,main,bdc,
2546,main,bdc,
2547,main,bdc,
2548,main,bdc,
2549,main,bdc,
2550,main,bdc,
2551,main,bdc,
2552,main,bdc,
2553,main,bdc,
2554,main,bdc,
2555,main,bdc,
2556,main,bdc,
2557,main,bdc,
2558,main,bdc,
2559,main,bdc,
2560,main,bdc,
2561,main,bdc,
2562,main,bdc,
2563,main,bdc,
2564,main,bdc,
2565,main,bdc,
2566,main,bdc,
2567,main,bdc,
2568,main,bdc,
2569,main,bdc,
2570,main,bdc,
2571,main,bdc,
2572,main,bdc,
2573,main,bdc,
2574,main,bdc,
2575,main,bdc,
2576,main,bdc,
2577,main,bdc,
2578,main,bdc,
2579,main,bdc,
2580,main,bdc,
2581,main,bdc,
2582,main,bdc,
2583,main,bdc,
2584,main,bdc,
2585,main,bdc,
2586,main,bdc,
2587,main,bdc,
2588,main,bdc,
2589,main,bdc,
2590,main,bdc,
2591,main,bdc,
2592,main,bdc,
2593,main,bdc,
2594,main,bdc,
2595,main,bdc,
2596,main,bdc,
2597,main,bdc,
2598,main,bdc,
2599,main,bdc,
2600,main,bdc,
2601,main,bdc,
2602,main,bdc,
2603,main,bdc,
2604,main,bdc,
2605,main,bdc,
2606,main,bdc,
2607,main,bdc,
2608,main,bdc,
2609,main,bdc,
2610,main,bdc,
2611,main,bdc,
2612,main,bdc,
2613,main,bdc,
2614,main,bdc,
2615,main,bdc,
2616,main,bdc,
2617,main,bdc,
2618,main,bdc,
2619,main,bdc,
2620,main,bdc,
2621,main,bdc,
2622,main,bdc,
2623,main,bdc,
2624,main,bdc,
2625,main,bdc,
2626,main,bdc,
2627,main,bdc,
2628,main,bdc,
2629,main,bdc,
2630,main,bdc,
2631,main,bdc,
2632,main,bdc,
2633,main,bdc,
2634,main,bdc,
2635,main,bdc,
2636,main,bdc,
2637,main,bdc,
2638,main,bdc,
2639,main,bdc,
2640,main,bdc,
2641,main,bdc,
2642,main,bdc,
2643,main,bdc,
2644,main,bdc,
2645,main,bdc,
2646,main,bdc,
2647,main,bdc,
2648,main,bdc,
2649,main,bdc,
2650,main,bdc,
2651,main,bdc,
2652,main,bdc,
2653,main,bdc,
2654,main,bdc,
2655,main,bdc,
2656,main,bdc,
2657,main,bdc,
2658,main,bdc,
2659,main,bdc,
2660,main,bdc,
2661,main,bdc,
2662,main,bdc,
2663,main,bdc,
2664,main,bdc,
2665,main,bdc,
2666,main,bdc,
2667,main,bdc,
2668,main,bdc,
2669,main,bdc,
2670,main,bdc,
2671,main,bdc,
2672,main,bdc,
2673,main,bdc,
2674,main,bdc,
2675,main,bdc,
2676,main,bdc,
2677,main,bdc,
2678,main,bdc,
2679,main,bdc,
2680,main,bdc,
2681,main,bdc,
2682,main,bdc,
2683,main,bdc,
2684,main,bdc,
2685,main,bdc,
2686,main,bdc,
2687,main,bdc,
2688,main,bdc,
2689,main,bdc,
2690,main,bdc,
2691,main,bdc,
2692,main,bdc,
2693,main,bdc,
2694,main,bdc,
2695,main,bdc,
2696,main,bdc,
2697,main,bdc,
2698,main,bdc,
2699,main,bdc,
2700,main,bdc,
2701,main,bdc,
2702,main,bdc,
2703,main,bdc,
2704,main,bdc,
2705,main,bdc,
2706,main,bdc,
2707,main,bdc,
2708,main,bdc,
2709,main,bdc,
2710,main,bdc,
2711,main,bdc,
2712,main,bdc,
2713,main,bdc,
2714,main,bdc,
2715,main,bdc,
2716,main,bdc,
2717,main,bdc,
2718,main,bdc,
2719,main,bdc,
2720,main,bdc,
2721,main,bdc,
2722,main,bdc,
2723,main,bdc,
2724,main,bdc,
2725,main,bdc,
2726,main,bdc,
2727,main,bdc,
2728,main,bdc,
2729,main,bdc,
2730,main,bdc,
2731,main,bdc,
2732,main,bdc,
2733,main,bdc,
2734,main,bdc,
2735,main,bdc,
2736,main,bdc,
2737,main,bdc,
2738,main,bdc,
2739,main,bdc,
2740,main,bdc,
2741,main,bdc,
2742,main,bdc,
2743,main,bdc,
2744,main,bdc,
2745,main,bdc,
2746,main,bdc,
2747,main,bdc,
2748,main,bdc,
2749,main,bdc,
2750,main,bdc,
2751,main,bdc,
2752,main,bdc,
2753,main,bdc,
2754,main,bdc,
2755,main,bdc,
2756,main,bdc,
2757,main,bdc,
2758,main,bdc,
2759,main,bdc,
2760,main,bdc,
2761,main,bdc,
2762,main,bdc,
2763,main,bdc,
2764,main,bdc,
2765,main,bdc,
2766,main,bdc,
2767,main,bdc,
2768,main,bdc,
2769,main,bdc,
2770,main,bdc,
2771,main,bdc,
2772,main,bdc,
2773,main,bdc,
2774,main,bdc,
2775,main,bdc,
2776,main,bdc,
2777,main,bdc,
2778,main,bdc,
2779,main,bdc,
2780,main,bdc,
2781,main,bdc,
2782,main,bdc,
2783,main,bdc,
2784,main,bdc,
2785,main,bdc,
2786,main,bdc,
2787,main,bdc,
2788,main,bdc,
2789,main,bdc,
2790,main,bdc,
2791,main,bdc,
2792,main,bdc,
2793,main,bdc,
2794,main,bdc,
2795,main,bdc,
2796,main,bdc,
2797,main,bdc,
2798,main,bdc,
2799,main,bdc,
2800,main,bdc,
2801,main,bdc,
2802,main,bdc,
2803,main,bdc,
2804,main,bdc,
2805,main,bdc,
2806,main,bdc,
2807,main,bdc,
2808,main,bdc,
2809,main,bdc,
2810,main,bdc,
2811,main,bdc,
2812,main,bdc,
2813,main,bdc,
2814,main,bdc,
2815,main,bdc,
2816,main,bdc,
2817,main,bdc,
2818,main,bdc,
2819,main,bdc,
2820,main,bdc,
2821,main,bdc,
2822,main,bdc,
2823,main,bdc,
2824,main,bdc,
2825,main,bdc,
2826,main,bdc,
2827,main,bdc,
2828,main,bdc,
2829,main,bdc,
2830,main,bdc,
2831,main,bdc,
2832,main,bdc,
2833,main,bdc,
2834,main,bdc,
2835,main,bdc,
2836,main,bdc,
2837,main,bdc,
2838,main,bdc,
2839,main,bdc,
2840,main,bdc,
2841,main,bdc,
2842,main,bdc,
2843,main,bdc,
2844,main,bdc,
2845,main,bdc,
2846,main,bdc,
2847,main,bdc,
2848,main,bdc,
2849,main,bdc,
2850,main,bdc,
2851,main,bdc,
2852,main,bdc,
2853,main,bdc,
2854,main,bdc,
2855,main,bdc,
2856,main,bdc,
2857,main,bdc,
2858,main,bdc,
2859,main,bdc,
2860,main,bdc,
2861,main,bdc,
2862,main,bdc,
2863,main,bdc,
2864,main,bdc,
2865,main,bdc,
2866,main,bdc,
2867,main,bdc,
2868,main,bdc,
2869,main,bdc,
2870,main,bdc,
2871,main,bdc,
2872,main,bdc,
2873,main,bdc,
2874,main,bdc,
2875,main,bdc,
2876,main,bdc,
2877,main,bdc,
2878,main,bdc,
2879,main,bdc,
2880,main,bdc,
2881,main,bdc,
2882,main,bdc,
2883,main,bdc,
2884,main,bdc,
2885,main,bdc,
2886,main,bdc,
2887,main,bdc,
2888,main,bdc,
2889,main,bdc,
2890,main,bdc,
2891,main,bdc,
2892,main,bdc,
2893,main,bdc,
2894,main,bdc,
2895,main,bdc,
2896,main,bdc,
2897,main,bdc,
2898,main,bdc,
2899,main,bdc,
2900,main,bdc,
2901,main,bdc,
2902,main,bdc,
2903,main,bdc,
2904,main,bdc,
2905,main,bdc,
2906,main,bdc,
2907,main,bdc,
2908,main,bdc,
2909,main,bdc,
2910,main,bdc,
2911,main,bdc,
2912,main,bdc,
2913,main,bdc,
2914,main,bdc,
2915,main,bdc,
2916,main,bdc,
2917,main,bdc,
2918,main,bdc,
2919,main,bdc,
2920,main,bdc,
2921,main,bdc,
2922,main,bdc,
2923,main,bdc,
2924,main,bdc,
2925,main,bdc,
2926,main,bdc,
2927,main,bdc,
2928,main,bdc,
2929,main,bdc,
2930,main,bdc,
2931,main,bdc,
2932,main,bdc,
2933,main,bdc,
2934,main,bdc,
2935,main,bdc,
2936,main,bdc,
2937,main,bdc,
2938,main,bdc,
2939,main,bdc,
2940,main,bdc,
2941,main,bdc,
2942,main,bdc,
2943,main,bdc,
2944,main,bdc,
2945,main,bdc,
2946,main,bdc,
2947,main,bdc,
2948,main,bdc,
2949,main,bdc,
2950,main,bdc,
2951,main,bdc,
2952,main,bdc,
2953,main,bdc,
2954,main,bdc,
2955,main,bdc,
2956,main,bdc,
2957,main,bdc,
2958,main,bdc,
2959,main,bdc,
2960,main,bdc,
2961,main,bdc,
2962,main,bdc,
2963,main,bdc,
2964,main,bdc,
2965,main,bdc,
2966,main,bdc,
2967,main,bdc,
2968,main,bdc,
2969,main,bdc,
2970,main,bdc,
2971,main,bdc,
2972,main,bdc,
2973,main,bdc,
2974,main,bdc,
2975,main,bdc,
2976,main,bdc,
2977,main,bdc,
2978,main,bdc,
2979,main,bdc,
2980,main,bdc,
2981,main,bdc,
2982,main,bdc,
2983,main,bdc,
2984,main,bdc,
2985,main,bdc,
2986,main,bdc,
2987,main,bdc,
2988,main,bdc,
2989,main,bdc,
2990,main,bdc,
2991,main,bdc,
2992,main,bdc,
2993,main,bdc,
2994,main,bdc,
2995,main,bdc,
2996,main,bdc,
2997,main,bdc,
2998,main,bdc,
2999,main,bdc,
3000,main,bdc,
3001,main,bdc,
3002,main,bdc,
3003,main,bdc,
3004,main,bdc,
3005,main,bdc,
3006,main,bdc,
3007,main,bdc,
3008,main,bdc,
3009,main,bdc,
3010,main,bdc,
3011,main,bdc,
3012,main,bdc,
3013,main,bdc,
3014,main,bdc,
3015,main,bdc,
3016,main,bdc,
3017,main,bdc,
3018,main,bdc,
3019,main,bdc,
3020,main,bdc,
3021,main,bdc,
3022,main,bdc,
3023,main,bdc,
3024,main,bdc,
3025,main,bdc,
3026,main,bdc,
3027,main,bdc,
3028,main,bdc,
3029,main,bdc,
3030,main,bdc,
3031,main,bdc,
3032,main,bdc,
3033,main,bdc,
3034,main,bdc,
3035,main,bdc,
3036,main,bdc,
3037,main,bdc,
3038,main,bdc,
3039,main,bdc,
3040,main,bdc,
3041,main,bdc,
3042,main,bdc,
3043,main,bdc,
3044,main,bdc,
3045,main,bdc,
3046,main,bdc,
3047,main,bdc,
3048,main,bdc,
3049,main,bdc,
3050,main,bdc,
3051,main,bdc,
3052,main,bdc,
3053,main,bdc,
3054,main,bdc,
3055,main,bdc,
3056,main,bdc,
3057,main,bdc,
3058,main,bdc,
3059,main,bdc,
3060,main,bdc,
3061,main,bdc,
3062,main,bdc,
3063,main,bdc,
3064,main,bdc,
3065,main,bdc,
3066,main,bdc,
3067,main,bdc,
3068,main,bdc,
3069,main,bdc,
3070,main,bdc,
3071,main,bdc,
3072,main,bdc,
3073,main,bdc,
3074,main,bdc,
3075,main,bdc,
3076,main,bdc,
3077,main,bdc,
3078,main,bdc,
3079,main,bdc,
3080,main,bdc,
3081,main,bdc,
3082,main,bdc,
3083,main,bdc,
3084,main,bdc,
3085,main,bdc,
3086,main,bdc,
3087,main,bdc,
3088,main,bdc,
3089,main,bdc,
3090,main,bdc,
3091,main,bdc,
3092,main,bdc,
3093,main,bdc,
3094,main,bdc,
3095,main,bdc,
3096,main,bdc,
3097,main,bdc,
3098,main,bdc,
3099,main,bdc,
3100,main,bdc,
3101,main,bdc,
3102,main,bdc,
3103,main,bdc,
3104,main,bdc,
3105,main,bdc,
3106,main,bdc,
3107,main,bdc,
3108,main,bdc,
3109,main,bdc,
3110,main,bdc,
3111,main,bdc,
3112,main,bdc,
3113,main,bdc,
3114,main,bdc,
3115,main,bdc,
3116,main,bdc,
3117,main,bdc,
3118,main,bdc,
3119,main,bdc,
3120,main,bdc,
3121,main,bdc,
3122,main,bdc,
3123,main,bdc,
3124,main,bdc,
3125,main,bdc,
3126,main,bdc,
3127,main,bdc,
3128,main,bdc,
3129,main,bdc,
3130,main,bdc,
3131,main,bdc,
3132,main,bdc,
3133,main,bdc,
3134,main,bdc,
3135,main,bdc,
3136,main,bdc,
3137,main,bdc,
3138,main,bdc,
3139,main,bdc,
3140,main,bdc,
3141,main,bdc,
3142,main,bdc,
3143,main,bdc,
3144,main,bdc,
3145,main,bdc,
3146,main,bdc,
3147,main,bdc,
3148,main,bdc,
3149,main,bdc,
3150,main,bdc,
3151,main,bdc,
3152,main,bdc,
3153,main,bdc,
3154,main,bdc,
3155,main,bdc,
3156,main,bdc,
3157,main,bdc,
3158,main,bdc,
3159,main,bdc,
3160,main,bdc,
3161,main,bdc,
3162,main,bdc,
3163,main,bdc,
3164,main,bdc,
3165,main,bdc,
3166,main,bdc,
3167,main,bdc,
3168,main,bdc,
3169,main,bdc,
3170,main,bdc,
3171,main,bdc,
3172,main,bdc,
3173,main,bdc,
3174,main,bdc,
3175,main,bdc,
3176,main,bdc,
3177,main,bdc,
3178,main,bdc,
3179,main,bdc,
3180,main,bdc,
3181,main,bdc,
3182,main,bdc,
3183,main,bdc,
3184,main,bdc,
3185,main,bdc,
3186,main,bdc,
3187,main,bdc,
3188,main,bdc,
3189,main,bdc,
3190,main,bdc,
3191,main,bdc,
3192,main,bdc,
3193,main,bdc,
3194,main,bdc,
3195,main,bdc,
3196,main,bdc,
3197,main,bdc,
3198,main,bdc,
3199,main,bdc,
3200,main,bdc,
3201,main,bdc,
3202,main,bdc,
3203,main,bdc,
3204,main,bdc,
3205,main,bdc,
3206,main,bdc,
3207,main,bdc,
3208,main,bdc,
3209,main,bdc,
3210,main,bdc,
3211,main,bdc,
3212,main,bdc,
3213,main,bdc,
3214,main,bdc,
3215,main,bdc,
3216,main,bdc,
3217,main,bdc,
3218,main,bdc,
3219,main,bdc,
3220,main,bdc,
3221,main,bdc,
3222,main,bdc,
3223,main,bdc,
3224,main,bdc,
3225,main,bdc,
3226,main,bdc,
3227,main,bdc,
3228,main,bdc,
3229,main,bdc,
3230,main,bdc,
3231,main,bdc,
3232,main,bdc,
3233,main,bdc,
3234,main,bdc,
3235,main,bdc,
3236,main,bdc,
3237,main,bdc,
3238,main,bdc,
3239,main,bdc,
3240,main,bdc,
3241,main,bdc,
3242,main,bdc,
3243,main,bdc,
3244,main,bdc,
3245,main,bdc,
3246,main,bdc,
3247,main,bdc,
3248,main,bdc,
3249,main,bdc,
3250,main,bdc,
3251,main,bdc,
3252,main,bdc,
3253,main,bdc,
3254,main,bdc,
3255,main,bdc,
3256,main,bdc,
3257,main,bdc,
3258,main,bdc,
3259,main,bdc,
3260,main,bdc,
3261,main,bdc,
3262,main,bdc,
3263,main,bdc,
3264,main,bdc,
3265,main,bdc,
3266,main,bdc,
3267,main,bdc,
3268,main,bdc,
3269,main,bdc,
3270,main,bdc,
3271,main,bdc,
3272,main,bdc,
3273,main,bdc,
3274,main,bdc,
3275,main,bdc,
3276,main,bdc,
3277,main,bdc,
3278,main,bdc,
3279,main,bdc,
3280,main,bdc,
3281,main,bdc,
3282,main,bdc,
3283,main,bdc,
3284,main,bdc,
3285,main,bdc,
3286,main,bdc,
3287,main,bdc,
3288,main,bdc,
3289,main,bdc,
3290,main,bdc,
3291,main,bdc,
3292,main,bdc,
3293,main,bdc,
3294,main,bdc,
3295,main,bdc,
3296,main,bdc,
3297,main,bdc,
3298,main,bdc,
3299,main,bdc,
3300,main,bdc,
3301,main,bdc,
3302,main,bdc,
3303,main,bdc,
3304,main,bdc,
3305,main,bdc,
3306,main,bdc,
3307,main,bdc,
3308,main,bdc,
3309,main,bdc,
3310,main,bdc,
3311,main,bdc,
3312,main,bdc,
3313,main,bdc,
3314,main,bdc,
3315,main,bdc,
3316,main,bdc,
3317,main,bdc,
3318,main,bdc,
3319,main,bdc,
3320,main,bdc,
3321,main,bdc,
3322,main,bdc,
3323,main,bdc,
3324,main,bdc,
3325,main,bdc,
3326,main,bdc,
3327,main,bdc,
3328,main,bdc,
3329,main,bdc,
3330,main,bdc,
3331,main,bdc,
3332,main,bdc,
3333,main,bdc,
3334,main,bdc,
3335,main,bdc,
3336,main,bdc,
3337,main,bdc,
3338,main,bdc,
3339,main,bdc,
3340,main,bdc,
3341,main,bdc,
3342,main,bdc,
3343,main,bdc,
3344,main,bdc,
3345,main,bdc,
3346,main,bdc,
3347,main,bdc,
3348,main,bdc,
3349,main,bdc,
3350,main,bdc,
3351,main,bdc,
3352,main,bdc,
3353,main,bdc,
3354,main,bdc,
3355,main,bdc,
3356,main,bdc,
3357,main,bdc,
3358,main,bdc,
3359,main,bdc,
3360,main,bdc,
3361,main,bdc,
3362,main,bdc,
3363,main,bdc,
3364,main,bdc,
3365,main,bdc,
3366,main,bdc,
3367,main,bdc,
3368,main,bdc,
3369,main,bdc,
3370,main,bdc,
3371,main,bdc,
3372,main,bdc,
3373,main,bdc,
3374,main,bdc,
3375,main,bdc,
3376,main,bdc,
3377,main,bdc,
3378,main,bdc,
3379,main,bdc,
3380,main,bdc,
3381,main,bdc,
3382,main,bdc,
3383,main,bdc,
3384,main,bdc,
3385,main,bdc,
3386,main,bdc,
3387,main,bdc,
3388,main,bdc,
3389,main,bdc,
3390,main,bdc,
3391,main,bdc,
3392,main,bdc,
3393,main,bdc,
3394,main,bdc,
3395,main,bdc,
3396,main,bdc,
3397,main,bdc,
3398,main,bdc,
3399,main,bdc,
3400,main,bdc,
3401,main,bdc,
3402,main,bdc,
3403,main,bdc,
3404,main,bdc,
3405,main,bdc,
3406,main,bdc,
3407,main,bdc,
3408,main,bdc,
3409,main,bdc,
3410,main,bdc,
3411,main,bdc,
3412,main,bdc,
3413,main,bdc,
3414,main,bdc,
3415,main,bdc,
3416,main,bdc,
3417,main,bdc,
3418,main,bdc,
3419,main,bdc,
3420,main,bdc,
3421,main,bdc,
3422,main,bdc,
3423,main,bdc,
3424,main,bdc,
3425,main,bdc,
3426,main,bdc,
3427,main,bdc,
3428,main,bdc,
3429,main,bdc,
3430,main,bdc,
3431,main,bdc,
3432,main,bdc,
3433,main,bdc,
3434,main,bdc,
3435,main,bdc,
3436,main,bdc,
3437,main,bdc,
3438,main,bdc,
3439,main,bdc,
3440,main,bdc,
3441,main,bdc,
3442,main,bdc,
3443,main,bdc,
3444,main,bdc,
3445,main,bdc,
3446,main,bdc,
3447,main,bdc,
3448,main,bdc,
3449,main,bdc,
3450,main,bdc,
3451,main,bdc,
3452,main,bdc,
3453,main,bdc,
3454,main,bdc,
3455,main,bdc,
3456,main,bdc,
3457,main,bdc,
3458,main,bdc,
3459,main,bdc,
3460,main,bdc,
3461,main,bdc,
3462,main,bdc,
3463,main,bdc,
3464,main,bdc,
3465,main,bdc,
3466,main,bdc,
3467,main,bdc,
3468,main,bdc,
3469,main,bdc,
3470,main,bdc,
3471,main,bdc,
3472,main,bdc,
3473,main,bdc,
3474,main,bdc,
3475,main,bdc,
3476,main,bdc,
3477,main,bdc,
3478,main,bdc,
3479,main,bdc,
3480,main,bdc,
3481,main,bdc,
3482,main,bdc,
3483,main,bdc,
3484,main,bdc,
3485,main,bdc,
3486,main,bdc,
3487,main,bdc,
3488,main,bdc,
3489,main,bdc,
3490,main,bdc,
3491,main,bdc,
3492,main,bdc,
3493,main,bdc,
3494,main,bdc,
3495,main,bdc,
3496,main,bdc,
3497,main,bdc,
3498,main,bdc,
3499,main,bdc,
3500,main,bdc,
3501,main,bdc,
3502,main,bdc,
3503,main,bdc,
3504,main,bdc,
3505,main,bdc,
3506,main,bdc,
3507,main,bdc,
3508,main,bdc,
3509,main,bdc,
3510,main,bdc,
3511,main,bdc,
3512,main,bdc,
3513,main,bdc,
3514,main,bdc,
3515,main,bdc,
3516,main,bdc,
3517,main,bdc,
3518,main,bdc,
3519,main,bdc,
3520,main,bdc,
3521,main,bdc,
3522,main,bdc,
3523,main,bdc,
3524,main,bdc,
3525,main,bdc,
3526,main,bdc,
3527,main,bdc,
3528,main,bdc,
3529,main,bdc,
3530,main,bdc,
3531,main,bdc,
3532,main,bdc,
3533,main,bdc,
3534,main,bdc,
3535,main,bdc,
3536,main,bdc,
3537,main,bdc,
3538,main,bdc,
3539,main,bdc,
3540,main,bdc,
3541,main,bdc,
3542,main,bdc,
3543,main,bdc,
3544,main,bdc,
3545,main,bdc,
3546,main,bdc,
3547,main,bdc,
3548,main,bdc,
3549,main,bdc,
3550,main,bdc,
3551,main,bdc,
3552,main,bdc,
3553,main,bdc,
3554,main,bdc,
3555,main,bdc,
3556,main,bdc,
3557,main,bdc,
3558,main,bdc,
3559,main,bdc,
3560,main,bdc,
3561,main,bdc,
3562,main,bdc,
3563,main,bdc,
3564,main,bdc,
3565,main,bdc,
3566,main,bdc,
3567,main,bdc,
3568,main,bdc,
3569,main,bdc,
3570,main,bdc,
3571,main,bdc,
3572,main,bdc,
3573,main,bdc,
3574,main,bdc,
3575,main,bdc,
3576,main,bdc,
3577,main,bdc,
3578,main,bdc,
3579,main,bdc,
3580,main,bdc,
3581,main,bdc,
3582,main,bdc,
3583,main,bdc,
3584,main,bdc,
3585,main,bdc,
3586,main,bdc,
3587,main,bdc,
3588,main,bdc,
3589,main,bdc,
3590,main,bdc,
3591,main,bdc,
3592,main,bdc,
3593,main,bdc,
3594,main,bdc,
3595,main,bdc,
3596,main,bdc,
3597,main,bdc,
3598,main,bdc,
3599,main,bdc,
3600,main,bdc,
3601,main,bdc,
3602,main,bdc,
3603,main,bdc,
3604,main,bdc_test,
3605,main,bdc_test,
3606,main,bdc_test,
3607,main,bdc_test,
3608,main,bdc_test,
3609,main,bdc_test,
3610,main,bdc_test,
3611,main,bdc_test,
3612,main,bdc_test,
3613,main,bdc_test,
3614,main,bdc_test,
3615,main,bdc_test,
3616,main,bdc_test,
3617,main,bdc_test,
3618,main,bdc_test,
3619,main,bdc_test,
3620,main,bdc_test,
3621,main,bdc_test,
3622,main,bdc_test,
3623,main,bdc_test,
3624,main,bdc_test,
3625,main,bdc_test,
3626,main,bdc_test,
3627,main,bdc_test,
3628,main,bdc_test,
3629,main,bdc_test,
3630,main,bdc_test,
3631,main,bdc_test,
3632,main,bdc_test,
3633,main,bdc_test,
3634,main,bdc_test,
3635,main,bdc_test,
3636,main,bdc_test,
3637,main,bdc_test,
3638,main,bdc_test,
3639,main,bdc_test,
3640,main,bdc_test,
3641,main,bdc_test,
3642,main,bdc_test,
3643,main,bdc_test,
3644,main,bdc_test,
3645,main,bdc_test,
3646,main,bdc_test,
3647,main,bdc_test,
3648,main,bdc_test,
3649,main,bdc_test,
3650,main,bdc_test,
3651,main,bdc_test,
3652,main,bdc_test,
3653,main,bdc_test,
3654,main,bdc_test,
3655,main,bdc_test,
3656,main,bdc_test,
3657,main,bdc_test,
3658,main,bdc_test,
3659,main,bdc_test,
3660,main,bdc_test,
3661,main,bdc_test,
3662,main,bdc_test,
3663,main,bdc_test,
3664,main,bdc_test,
3665,main,bdc_test,
3666,main,bdc_test,
3667,main,bdc_test,
3668,main,bdc_test,
3669,main,bdc_test,
3670,main,bdc_test,
3671,main,bdc_test,
3672,main,bdc_test,
3673,main,bdc_test,
3674,main,bdc_test,
3675,main,bdc_test,
3676,main,bdc_test,
3677,main,bdc_test,
3678,main,bdc_test,
3679,main,bdc_test,
3680,main,bdc_test,
3681,main,bdc_test,
3682,main,bdc_test,
3683,main,bdc_test,
3684,main,bdc_test,
3685,main,bdc_test,
3686,main,bdc_test,
3687,main,bdc_test,
3688,main,bdc_test,
3689,main,bdc_test,
3690,main,bdc_test,
3691,main,bdc_test,
3692,main,bdc_test,
3693,main,bdc_test,
3694,main,bdc_test,
3695,main,bdc_test,
3696,main,bdc_test,
3697,main,bdc_test,
3698,main,bdc_test,
3699,main,bdc_test,
3700,main,bdc_test,
3701,main,bdc_test,
3702,main,bdc_test,
3703,main,bdc_test,
3704,main,bdc_test,
3705,main,bdc_test,
3706,main,bdc_test,
3707,main,bdc_test,
3708,main,bdc_test,
3709,main,bdc_test,
3710,main,bdc_test,
3711,main,bdc_test,
3712,main,bdc_test,
3713,main,bdc_test,
3714,main,bdc_test,
3715,main,bdc_test,
3716,main,bdc_test,
3717,main,bdc_test,
3718,main,bdc_test,
3719,main,bdc_test,
3720,main,bdc_test,
3721,main,bdc_test,
3722,main,bdc_test,
3723,main,bdc_test,
3724,main,bdc_test,
3725,main,bdc_test,
3726,main,bdc_test,
3727,main,bdc_test,
3728,main,bdc_test,
3729,main,bdc_test,
3730,main,bdc_test,
3731,main,bdc_test,
3732,main,bdc_test,
3733,main,bdc_test,
3734,main,bdc_test,
3735,main,bdc_test,
3736,main,bdc_test,
3737,main,bdc_test,
3738,main,bdc_test,
3739,main,bdc_test,
3740,main,bdc_test,
3741,main,bdc_test,
3742,main,bdc_test,
3743,main,bdc_test,
3744,main,bdc_test,
3745,main,bdc_test,
3746,main,bdc_test,
3747,main,bdc_test,
3748,main,bdc_test,
3749,main,bdc_test,
3750,main,bdc_test,
3751,main,bdc_test,
3752,main,bdc_test,
3753,main,bdc_test,
3754,main,bdc_test,
3755,main,bdc_test,
3756,main,bdc_test,
3757,main,bdc_test,
3758,main,bdc_test,
3759,main,bdc_test,
3760,main,bdc_test,
3761,main,bdc_test,
3762,main,bdc_test,
3763,main,bdc_test,
3764,main,bdc_test,
3765,main,bdc_test,
3766,main,bdc_test,
3767,main,bdc_test,
3768,main,bdc_test,
3769,main,bdc_test,
3770,main,bdc_test,
3771,main,bdc_test,
3772,main,bdc_test,
3773,main,bdc_test,
3774,main,bdc_test,
3775,main,bdc_test,
3776,main,bdc_test,
3777,main,bdc_test,
3778,main,bdc_test,
3779,main,bdc_test,
3780,main,bdc_test,
3781,main,bdc_test,
3782,main,bdc_test,
3783,main,bdc_test,
3784,main,bdc_test,
3785,main,bdc_test,
3786,main,bdc_test,
3787,main,bdc_test,
3788,main,bdc_test,
3789,main,bdc_test,
3790,main,bdc_test,
3791,main,bdc_test,
3792,ext,giz,
3793,ext,giz,
3794,ext,giz,
3795,ext,giz,
3796,ext,giz,
3797,ext,giz,
3798,ext,giz,
3799,ext,giz,
3800,ext,giz,
3801,ext,giz,
3802,ext,giz,
3803,ext,giz,
3804,ext,giz,
3805,ext,giz,
3806,ext,giz,
3807,ext,giz,
3808,ext,giz,
3809,ext,giz,
3810,ext,giz,
3811,ext,giz,
3812,ext,giz,
3813,ext,giz,
3814,ext,giz,
3815,ext,giz,
3816,ext,giz,
3817,ext,giz,
3818,ext,giz,
3819,ext,giz,
3820,ext,giz,
3821,ext,giz,
3822,ext,giz,
3823,ext,giz,
3824,ext,giz,
3825,ext,giz,
3826,ext,giz,
3827,ext,giz,
3828,ext,giz,
3829,ext,giz,
3830,ext,giz,
3831,ext,giz,
3832,ext,giz,
3833,ext,giz,
3834,ext,giz,
3835,ext,giz,
3836,ext,giz,
3837,ext,giz,
3838,ext,giz,
3839,ext,giz,
3840,ext,giz,
3841,ext,giz,
3842,ext,giz,
3843,ext,giz,
3844,ext,giz,
3845,ext,giz,
3846,ext,giz,
3847,ext,giz,
3848,ext,giz,
3849,ext,giz,
3850,ext,giz,
3851,ext,giz,
3852,ext,giz,
3853,ext,giz,
3854,ext,giz,
3855,ext,giz,
3856,ext,giz,
3857,ext,giz,
3858,ext,giz,
3859,ext,giz,
3860,ext,giz,
3861,ext,giz,
3862,ext,giz,
3863,ext,giz,
3864,ext,giz,
3865,ext,giz,
3866,ext,giz,
3867,ext,giz,
3868,ext,giz,
3869,ext,giz,
3870,ext,giz,
3871,ext,giz,
3872,ext,giz,
3873,ext,giz,
3874,ext,giz,
3875,ext,giz,
3876,ext,giz,
3877,ext,giz,
3878,ext,giz,
3879,ext,giz,
3880,ext,giz,
3881,ext,giz,
3882,ext,giz,
3883,ext,giz,
3884,ext,giz,
3885,ext,giz,
3886,ext,giz,
3887,ext,giz,
3888,ext,giz,
3889,ext,giz,
3890,ext,giz,
3891,ext,giz,
3892,ext,giz,
3893,ext,giz,
3894,ext,giz,
3895,ext,giz,
3896,ext,giz,
3897,ext,giz,
3898,ext,giz,
3899,ext,giz,
3900,ext,giz,
3901,ext,giz,
3902,ext,giz,
3903,ext,giz,
3904,ext,giz,
3905,ext,giz,
3906,ext,giz,
3907,ext,giz,
3908,ext,giz,
3909,ext,giz,
3910,ext,giz,
3911,ext,giz,
3912,ext,giz,
3913,ext,giz,
3914,ext,giz,
3915,ext,giz,
3916,ext,giz,
3917,ext,giz,
3918,ext,giz,
3919,ext,giz,
3920,ext,giz,
3921,ext,giz,
3922,ext,giz,
3923,ext,giz,
3924,ext,giz,
3925,ext,giz,
3926,ext,giz,
3927,ext,giz,
3928,ext,giz,
3929,ext,giz,
3930,ext,giz,
3931,ext,giz,
3932,ext,giz,
3933,ext,giz,
3934,ext,giz,
3935,ext,giz,
3936,ext,giz,
3937,ext,giz,
3938,ext,giz,
3939,ext,giz,
3940,ext,giz,
3941,ext,giz,
3942,ext,giz,
3943,ext,giz,
3944,ext,giz,
3945,ext,giz,
3946,ext,giz,
3947,ext,giz,
3948,ext,giz,
3949,ext,giz,
3950,ext,giz,
3951,ext,giz,
3952,ext,giz,
3953,ext,giz,
3954,ext,giz,
3955,ext,giz,
3956,ext,giz,
3957,ext,giz,
3958,ext,giz,
3959,ext,giz,
3960,ext,giz,
3961,ext,giz,
3962,ext,giz,
3963,ext,giz,
3964,ext,giz,
3965,ext,giz,
3966,ext,giz,
3967,ext,giz,
3968,ext,giz,
3969,ext,giz,
3970,ext,giz,
3971,ext,giz,
3972,ext,giz,
3973,ext,giz,
3974,ext,giz,
3975,ext,giz,
3976,ext,giz,
3977,ext,giz,
3978,ext,giz,
3979,ext,giz,
3980,ext,giz,
3981,ext,giz,
3982,ext,giz,
3983,ext,giz,
3984,ext,giz,
3985,ext,giz,
3986,ext,giz,
3987,ext,giz,
3988,ext,giz,
3989,ext,giz,
3990,ext,giz,
3991,ext,giz,
3992,ext,giz,
3993,ext,giz,
3994,ext,giz,
3995,ext,giz,
3996,ext,giz,
3997,ext,giz,
3998,ext,giz,
3999,ext,giz,
4000,ext,giz,
4001,ext,giz,
4002,ext,giz,
4003,ext,giz,
4004,ext,giz,
4005,ext,giz,
4006,ext,giz,
4007,ext,giz,
4008,ext,giz,
4009,ext,giz,
4010,ext,giz,
4011,ext,giz,
4012,ext,giz,
4013,ext,giz,
4014,ext,giz,
4015,ext,giz,
4016,ext,giz,
4017,ext,giz,
4018,ext,giz,
4019,ext,giz,
4020,ext,giz,
4021,ext,giz,
4022,ext,giz,
4023,ext,giz,
4024,ext,giz,
4025,ext,giz,
4026,ext,giz,
4027,ext,giz,
4028,ext,giz,
4029,ext,giz,
4030,ext,giz,
4031,ext,giz,
4032,ext,giz,
4033,ext,giz,
4034,ext,giz,
4035,ext,giz,
4036,ext,giz,
4037,ext,giz,
4038,ext,giz,
4039,ext,giz,
4040,ext,giz,
4041,ext,giz,
4042,ext,giz,
4043,ext,giz,
4044,ext,giz,
4045,ext,giz,
4046,ext,giz,
4047,ext,giz,
4048,ext,giz,
4049,ext,giz,
4050,ext,giz,
4051,ext,giz,
4052,ext,giz,
4053,ext,giz,
4054,ext,giz,
4055,ext,giz,
4056,ext,giz,
4057,ext,giz,
4058,ext,giz,
4059,ext,giz,
4060,ext,giz,
4061,ext,giz,
4062,ext,giz,
4063,ext,giz,
4064,ext,giz,
4065,ext,giz,
4066,ext,giz,
4067,ext,giz,
4068,ext,giz,
4069,ext,giz,
4070,ext,giz,
4071,ext,giz,
4072,ext,giz,
4073,ext,giz,
4074,ext,giz,
4075,ext,giz,
4076,ext,giz,
4077,ext,giz,
4078,ext,giz,
4079,ext,giz,
4080,ext,giz,
4081,ext,giz,
4082,ext,giz,
4083,ext,giz,
4084,ext,giz,
4085,ext,giz,
4086,ext,giz,
4087,ext,giz,
4088,ext,giz,
4089,ext,giz,
4090,ext,giz,
4091,ext,giz,
4092,ext,giz,
4093,ext,giz,
4094,ext,giz,
4095,ext,giz,
4096,ext,giz,
4097,ext,giz,
4098,ext,giz,
4099,ext,giz,
4100,ext,giz,
4101,ext,giz,
4102,ext,giz,
4103,ext,giz,
4104,ext,giz,
4105,ext,giz,
4106,ext,giz,
4107,ext,giz,
4108,ext,giz,
4109,ext,giz,
4110,ext,giz,
4111,ext,giz,
4112,ext,giz,
4113,ext,giz,
4114,ext,giz,
4115,ext,giz,
4116,ext,giz,
4117,ext,giz,
4118,ext,giz,
4119,ext,giz,
4120,ext,giz,
4121,ext,giz,
4122,ext,giz,
4123,ext,giz,
4124,ext,giz,
4125,ext,giz,
4126,ext,giz,
4127,ext,giz,
4128,ext,giz,
4129,ext,giz,
4130,ext,giz,
4131,ext,giz,
4132,ext,giz,
4133,ext,giz,
4134,ext,giz,
4135,ext,giz,
4136,ext,giz,
4137,ext,giz,
4138,ext,giz,
4139,ext,giz,
4140,ext,giz,
4141,ext,giz,
4142,ext,giz,
4143,ext,giz,
4144,ext,giz,
4145,ext,giz,
4146,ext,giz,
4147,ext,giz,
4148,ext,giz,
4149,ext,giz,
4150,ext,giz,
4151,ext,giz,
4152,ext,giz,
4153,ext,giz,
4154,ext,giz,
4155,ext,giz,
4156,ext,giz,
4157,ext,giz,
4158,ext,giz,
4159,ext,giz,
4160,ext,giz,
4161,ext,giz,
4162,ext,giz,
4163,ext,giz,
4164,ext,giz,
4165,ext,giz,
4166,ext,giz,
4167,ext,giz,
4168,ext,giz,
4169,ext,giz,
4170,ext,giz,
4171,ext,giz,
4172,ext,giz,
4173,ext,giz,
4174,ext,giz,
4175,ext,giz,
4176,ext,giz,
4177,ext,giz,
4178,ext,giz,
4179,ext,giz,
4180,ext,giz,
4181,ext,giz,
4182,ext,giz,
4183,ext,giz,
4184,ext,giz,
4185,ext,giz,
4186,ext,giz,
4187,ext,giz,
4188,ext,giz,
4189,ext,giz,
4190,ext,giz,
4191,ext,giz,
4192,ext,giz,
4193,ext,giz,
4194,ext,giz,
4195,ext,giz,
4196,ext,giz,
4197,ext,giz,
4198,ext,giz,
4199,ext,giz,
4200,ext,giz,
4201,ext,giz,
4202,ext,giz,
4203,ext,giz,
4204,ext,giz,
4205,ext,giz,
4206,ext,giz,
4207,ext,giz,
4208,ext,giz,
4209,ext,giz,
4210,ext,giz,
4211,ext,giz,
4212,ext,giz,
4213,ext,giz,
4214,ext,giz,
4215,ext,giz,
4216,ext,giz,
4217,ext,giz,
4218,ext,giz,
4219,ext,giz,
4220,ext,giz,
4221,ext,giz,
4222,ext,giz,
4223,ext,giz,
4224,ext,giz,
4225,ext,giz,
4226,ext,giz,
4227,ext,giz,
4228,ext,giz,
4229,ext,giz,
4230,ext,giz,
4231,ext,giz,
4232,ext,giz,
4233,ext,giz,
4234,ext,giz,
4235,ext,giz,
4236,ext,giz,
4237,ext,giz,
4238,ext,giz,
4239,ext,giz,
4240,ext,giz,
4241,ext,giz,
4242,ext,giz,
4243,ext,giz,
4244,ext,giz,
4245,ext,giz,
4246,ext,giz,
4247,ext,giz,
4248,ext,giz,
4249,ext,giz,
4250,ext,giz,
4251,ext,giz,
4252,ext,giz,
4253,ext,giz,
4254,ext,giz,
4255,ext,giz,
4256,ext,giz,
4257,ext,giz,
4258,ext,giz,
4259,ext,giz,
4260,ext,giz,
4261,ext,giz,
4262,ext,giz,
4263,ext,giz,
4264,ext,giz,
4265,ext,giz,
4266,ext,giz,
4267,ext,giz,
4268,ext,giz,
4269,ext,giz,
4270,ext,giz,
4271,ext,giz,
4272,ext,giz,
4273,ext,giz,
4274,ext,giz,
4275,ext,giz,
4276,ext,giz,
4277,ext,giz,
4278,ext,giz,
4279,ext,giz,
4280,ext,giz,
4281,ext,giz,
4282,ext,giz,
4283,ext,giz,
4284,ext,giz,
4285,ext,giz,
4286,ext,giz,
4287,ext,giz,
4288,ext,giz,
4289,ext,giz,
4290,ext,giz,
4291,ext,giz,
4292,ext,giz,
4293,ext,giz,
4294,ext,giz,
4295,ext,giz,
4296,ext,giz,
4297,ext,giz,
4298,ext,giz,
4299,ext,giz,
4300,ext,giz,
4301,ext,giz,
4302,ext,giz,
4303,ext,giz,
4304,ext,giz,
4305,ext,giz,
4306,ext,giz,
4307,ext,giz,
4308,ext,giz,
4309,ext,giz,
4310,ext,giz,
4311,ext,giz,
4312,ext,giz,
4313,ext,giz,
4314,ext,giz,
4315,ext,giz,
4316,ext,giz,
4317,ext,giz,
4318,ext,giz,
4319,ext,giz,
4320,ext,giz,
4321,ext,giz,
4322,ext,giz,
4323,ext,giz,
4324,ext,giz,
4325,ext,giz,
4326,ext,giz,
4327,ext,giz,
4328,ext,giz,
4329,ext,giz,
4330,ext,giz,
4331,ext,giz,
4332,ext,giz,
4333,ext,giz,
4334,ext,giz,
4335,ext,giz,
4336,ext,giz,
4337,ext,giz,
4338,ext,giz,
4339,ext,giz,
4340,ext,giz,
4341,ext,giz,
4342,ext,giz,
4343,ext,giz,
4344,ext,giz,
4345,ext,giz,
4346,ext,giz,
4347,ext,giz,
4348,ext,giz,
4349,ext,giz,
4350,ext,giz,
4351,ext,giz,
4352,ext,giz,
4353,ext,giz,
4354,ext,giz,
4355,ext,giz,
4356,ext,giz,
4357,ext,giz,
4358,ext,giz,
4359,ext,giz,
4360,ext,giz,
4361,ext,giz,
4362,ext,giz,
4363,ext,giz,
4364,ext,giz,
4365,ext,giz,
4366,ext,giz,
4367,ext,giz,
4368,ext,giz,
4369,ext,giz,
4370,ext,giz,
4371,ext,giz,
4372,ext,giz,
4373,ext,giz,
4374,ext,giz,
4375,ext,giz,
4376,ext,giz,
4377,ext,giz,
4378,ext,giz,
4379,ext,giz,
4380,ext,giz,
4381,ext,giz,
4382,ext,giz,
4383,ext,giz,
4384,ext,giz,
4385,ext,giz,
4386,ext,giz,
4387,ext,giz,
4388,ext,giz,
4389,ext,giz,
4390,ext,giz,
4391,ext,giz,
4392,ext,giz,
4393,ext,giz,
4394,ext,giz,
4395,ext,giz,
4396,ext,giz,
4397,ext,giz,
4398,ext,giz,
4399,ext,giz,
4400,ext,giz,
4401,ext,giz,
4402,ext,giz,
4403,ext,giz,
4404,ext,giz,
4405,ext,giz,
4406,ext,giz,
4407,ext,giz,
4408,ext,giz,
4409,ext,giz,
4410,ext,giz,
4411,ext,giz,
4412,ext,giz,
4413,ext,giz,
4414,ext,giz,
4415,ext,giz,
4416,ext,giz,
4417,ext,giz,
4418,ext,giz,
4419,ext,giz,
4420,ext,giz,
4421,ext,giz,
4422,ext,giz,
4423,ext,giz,
4424,ext,giz,
4425,ext,giz,
4426,ext,giz,
4427,ext,giz,
4428,ext,giz,
4429,ext,giz,
4430,ext,giz,
4431,ext,giz,
4432,ext,giz,
4433,ext,giz,
4434,ext,giz,
4435,ext,giz,
4436,ext,giz,
4437,ext,giz,
4438,ext,giz,
4439,ext,giz,
4440,ext,giz,
4441,ext,giz,
4442,ext,giz,
4443,ext,giz,
4444,ext,giz,
4445,ext,giz,
4446,ext,giz,
4447,ext,giz,
4448,ext,giz,
4449,ext,giz,
4450,ext,giz,
4451,ext,giz,
4452,ext,giz,
4453,ext,giz,
4454,ext,giz,
4455,ext,giz,
4456,ext,giz,
4457,ext,giz,
4458,ext,giz,
4459,ext,giz,
4460,ext,giz,
4461,ext,giz,
4462,ext,giz,
4463,ext,giz,
4464,ext,giz,
4465,ext,giz,
4466,ext,giz,
4467,ext,giz,
4468,ext,giz,
4469,ext,giz,
4470,ext,giz,
4471,ext,giz,
4472,ext,giz,
4473,ext,giz,
4474,ext,giz,
4475,ext,giz,
4476,ext,giz,
4477,ext,giz,
4478,ext,giz,
4479,ext,giz,
4480,ext,giz,
4481,ext,giz,
4482,ext,giz,
4483,ext,giz,
4484,ext,giz,
4485,ext,giz,
4486,ext,giz,
4487,ext,giz,
4488,ext,giz,
4489,ext,giz,
4490,ext,giz,
4491,ext,giz,
4492,ext,giz,
4493,ext,giz,
4494,ext,giz,
4495,ext,giz,
4496,ext,giz,
4497,ext,giz,
4498,ext,giz,
4499,ext,giz,
4500,ext,giz,
4501,ext,giz,
4502,ext,giz,
4503,ext,giz,
4504,ext,giz,
4505,ext,giz,
4506,ext,giz,
4507,ext,giz,
4508,ext,giz,
4509,ext,giz,
4510,ext,giz,
4511,ext,giz,
4512,ext,giz,
4513,ext,giz,
4514,ext,giz,
4515,ext,giz,
4516,ext,giz,
4517,ext,giz,
4518,ext,giz,
4519,ext,giz,
4520,ext,giz,
4521,ext,giz,
4522,ext,giz,
4523,ext,giz,
4524,ext,giz,
4525,ext,giz,
4526,ext,giz,
4527,ext,giz,
4528,ext,giz,
4529,ext,giz,
4530,ext,giz,
4531,ext,giz,
4532,ext,giz,
4533,ext,giz,
4534,ext,giz,
4535,ext,giz,
4536,ext,giz,
4537,ext,giz,
4538,ext,giz,
4539,ext,giz,
4540,ext,giz,
4541,ext,giz,
4542,ext,giz,
4543,ext,giz,
4544,ext,giz,
4545,ext,giz,
4546,ext,giz,
4547,ext,giz,
4548,ext,giz,
4549,ext,giz,
4550,ext,giz,
4551,ext,giz,
4552,ext,giz,
4553,ext,giz,
4554,ext,giz,
4555,ext,giz,
4556,ext,giz,
4557,ext,giz,
4558,ext,giz,
4559,ext,giz,
4560,ext,giz,
4561,ext,giz,
4562,ext,giz,
4563,ext,giz,
4564,ext,giz,
4565,ext,giz,
4566,ext,giz,
4567,ext,giz,
4568,ext,giz,
4569,ext,giz,
4570,ext,giz,
4571,ext,giz,
4572,ext,giz,
4573,ext,giz,
4574,ext,giz,
4575,ext,giz,
4576,ext,giz,
4577,ext,giz,
4578,ext,giz,
4579,ext,giz,
4580,ext,giz,
4581,ext,giz,
4582,ext,giz,
4583,ext,giz,
4584,ext,giz,
4585,ext,giz,
4586,ext,giz,
4587,ext,giz,
4588,ext,giz,
4589,ext,giz,
4590,ext,giz,
4591,ext,giz,
4592,ext,giz,
4593,ext,giz,
4594,ext,giz,
4595,ext,giz,
4596,ext,giz,
4597,ext,giz,
4598,ext,giz,
4599,ext,giz,
4600,ext,giz,
4601,ext,giz,
4602,ext,giz,
4603,ext,giz,
4604,ext,giz,
4605,ext,giz,
4606,ext,giz,
4607,ext,giz,
4608,ext,giz,
4609,ext,giz,
4610,ext,giz,
4611,ext,giz,
4612,ext,giz,
4613,ext,giz,
4614,ext,giz,
4615,ext,giz,
4616,ext,giz,
4617,ext,giz,
4618,ext,giz,
4619,ext,giz,
4620,ext,giz,
4621,ext,giz,
4622,ext,giz,
4623,ext,giz,
4624,ext,giz,
4625,ext,giz,
4626,ext,giz,
4627,ext,giz,
4628,ext,giz,
4629,ext,giz,
4630,ext,giz,
4631,ext,giz,
4632,ext,giz,
4633,ext,giz,
4634,ext,giz,
4635,ext,giz,
4636,ext,giz,
4637,ext,giz,
4638,ext,giz,
4639,ext,giz,
4640,ext,giz,
4641,ext,giz,
4642,ext,giz,
4643,ext,giz,
4644,ext,giz,
4645,ext,giz,
4646,ext,giz,
4647,ext,giz,
4648,ext,giz,
4649,ext,giz,
4650,ext,giz,
4651,ext,giz,
4652,ext,giz,
4653,ext,giz,
4654,ext,giz,
4655,ext,giz,
4656,ext,giz,
4657,ext,giz,
4658,ext,giz,
4659,ext,giz,
4660,ext,giz,
4661,ext,giz,
4662,ext,giz,
4663,ext,giz,
4664,ext,giz,
4665,ext,giz,
4666,ext,giz,
4667,ext,giz,
4668,ext,giz,
4669,ext,giz,
4670,ext,giz,
4671,ext,giz,
4672,ext,giz,
4673,ext,giz,
4674,ext,giz,
4675,ext,giz,
4676,ext,giz,
4677,ext,giz,
4678,ext,giz,
4679,ext,giz,
4680,ext,giz,
4681,ext,giz,
4682,ext,giz,
4683,ext,giz,
4684,ext,giz,
4685,ext,giz,
4686,ext,giz,
4687,ext,giz,
4688,ext,giz,
4689,ext,giz,
4690,ext,giz,
4691,ext,giz,
4692,ext,giz,
4693,ext,giz,
4694,ext,giz,
4695,ext,giz,
4696,ext,giz,
4697,ext,giz,
4698,ext,giz,
4699,ext,giz,
4700,ext,giz,
4701,ext,giz,
4702,ext,giz,
4703,ext,giz,
4704,ext,giz,
4705,ext,giz,
4706,ext,giz,
4707,ext,giz,
4708,ext,giz,
4709,ext,giz,
4710,ext,giz,
4711,ext,giz,
4712,ext,giz,
4713,ext,giz,
4714,ext,giz,
4715,ext,giz,
4716,ext,giz,
4717,ext,giz,
4718,ext,giz,
4719,ext,giz,
4720,ext,giz,
4721,ext,giz,
4722,ext,giz,
4723,ext,giz,
4724,ext,giz,
4725,ext,giz,
4726,ext,giz,
4727,ext,giz,
4728,ext,giz,
4729,ext,giz,
4730,ext,giz,
4731,ext,giz,
4732,ext,giz,
4733,ext,giz,
4734,ext,giz,
4735,ext,giz,
4736,ext,giz,
4737,ext,giz,
4738,ext,giz,
4739,ext,giz,
4740,ext,giz,
4741,ext,giz,
4742,ext,giz,
4743,ext,giz,
4744,ext,giz,
4745,ext,giz,
4746,ext,giz,
4747,ext,giz,
4748,ext,giz,
4749,ext,giz,
4750,ext,giz,
4751,ext,giz,
4752,ext,giz,
4753,ext,giz,
4754,ext,giz,
4755,ext,giz,
4756,ext,giz,
4757,ext,giz,
4758,ext,giz,
4759,ext,giz,
4760,ext,giz,
4761,ext,giz,
4762,ext,giz,
4763,ext,giz,
4764,ext,giz,
4765,ext,giz,
4766,ext,giz,
4767,ext,giz,
4768,ext,giz,
4769,ext,giz,
4770,ext,giz,
4771,ext,giz,
4772,ext,giz,
4773,ext,giz,
4774,ext,giz,
4775,ext,giz,
4776,ext,giz,
4777,ext,giz,
4778,ext,giz,
4779,ext,giz,
4780,ext,giz,
4781,ext,giz,
4782,ext,giz,
4783,ext,giz,
4784,ext,giz,
4785,ext,giz,
4786,ext,giz,
4787,ext,giz,
4788,ext,giz,
4789,ext,giz,
4790,ext,giz,
4791,ext,giz,
4792,ext,bangla,battery
4793,ext,bangla,battery
4794,ext,bangla,battery
4795,ext,bangla,battery
4796,ext,bangla,mouse
4797,ext,bangla,mouse
4798,ext,bangla,mouse
4799,ext,bangla,mouse
4800,ext,bangla,mouse
4801,ext,bangla,mouse
4802,ext,bangla,mobile
4803,ext,bangla,mobile
4804,ext,bangla,mobile
4805,ext,bangla,mobile
4806,ext,bangla,mobile
4807,ext,bangla,mobile
4808,ext,bangla,mobile
4809,ext,bangla,mobile
4810,ext,bangla,mobile
4811,ext,bangla,mobile
4812,ext,bangla,mobile
4813,ext,bangla,mobile
4814,ext,bangla,battery
4815,ext,bangla,battery
4816,ext,bangla,mobile
4817,ext,bangla,light_bulb
4818,ext,bangla,light_bulb
4819,ext,bangla,light_bulb
4820,ext,bangla,mobile
4821,ext,bangla,mobile
4822,ext,bangla,mobile
4823,ext,bangla,mobile
4824,ext,bangla,mobile
4825,ext,bangla,pcb
4826,ext,bangla,pcb
4827,ext,bangla,pcb
4828,ext,bangla,mobile
4829,ext,bangla,mobile
4830,ext,bangla,mobile
4831,ext,bangla,mobile
4832,ext,bangla,mobile
4833,ext,bangla,mouse
4834,ext,bangla,battery
4835,ext,bangla,pcb
4836,ext,bangla,pcb
4837,ext,bangla,pcb
4838,ext,bangla,pcb
4839,ext,bangla,pcb
4840,ext,bangla,pcb
4841,ext,bangla,pcb
4842,ext,bangla,pcb
4843,ext,bangla,pcb
4844,ext,bangla,pcb
4845,ext,bangla,pcb
4846,ext,bangla,pcb
4847,ext,bangla,pcb
4848,ext,bangla,pcb
4849,ext,bangla,pcb
4850,ext,bangla,pcb
4851,ext,bangla,pcb
4852,ext,bangla,keyboard
4853,ext,bangla,keyboard
4854,ext,bangla,keyboard
4855,ext,bangla,keyboard
4856,ext,bangla,keyboard
4857,ext,bangla,keyboard
4858,ext,bangla,keyboard
4859,ext,bangla,keyboard
4860,ext,bangla,keyboard
4861,ext,bangla,keyboard
4862,ext,bangla,keyboard
4863,ext,bangla,keyboard
4864,ext,bangla,keyboard
4865,ext,bangla,keyboard
4866,ext,bangla,mouse
4867,ext,bangla,mouse
4868,ext,bangla,mouse
4869,ext,bangla,mouse
4870,ext,bangla,mouse
4871,ext,bangla,mouse
4872,ext,bangla,mouse
4873,ext,bangla,light_bulb
4874,ext,bangla,battery
4875,ext,bangla,battery
4876,ext,bangla,battery
4877,ext,bangla,battery
4878,ext,bangla,battery
4879,ext,bangla,battery
4880,ext,bangla,battery
4881,ext,bangla,battery
4882,ext,bangla,battery
4883,ext,bangla,battery
4884,ext,bangla,battery
4885,ext,bangla,battery
4886,ext,bangla,battery
4887,ext,bangla,battery
4888,ext,bangla,battery
4889,ext,bangla,battery
4890,ext,bangla,battery
4891,ext,bangla,battery
4892,ext,bangla,battery
4893,ext,bangla,battery
4894,ext,bangla,battery
4895,ext,bangla,battery
4896,ext,bangla,battery
4897,ext,bangla,mouse
4898,ext,bangla,mouse
4899,ext,bangla,mouse
4900,ext,bangla,mouse
4901,ext,bangla,mouse
4902,ext,bangla,mouse
4903,ext,bangla,mouse
4904,ext,bangla,mobile
4905,ext,bangla,mobile
4906,ext,bangla,mobile
4907,ext,bangla,mobile
4908,ext,bangla,mobile
4909,ext,bangla,mobile
4910,ext,bangla,mobile
4911,ext,bangla,mobile
4912,ext,bangla,mobile
4913,ext,bangla,mobile
4914,ext,bangla,mobile
4915,ext,bangla,mobile
4916,ext,bangla,mobile
4917,ext,bangla,mobile
4918,ext,bangla,mobile
4919,ext,bangla,mobile
4920,ext,bangla,mobile
4921,ext,bangla,mobile
4922,ext,bangla,mobile
4923,ext,bangla,mobile
4924,ext,bangla,mobile
4925,ext,bangla,mobile
4926,ext,bangla,mobile
4927,ext,bangla,mobile
4928,ext,bangla,mobile
4929,ext,bangla,mobile
4930,ext,bangla,mobile
4931,ext,bangla,mobile
4932,ext,bangla,mobile
4933,ext,bangla,battery
4934,ext,bangla,battery
4935,ext,bangla,battery
4936,ext,bangla,battery
4937,ext,bangla,mobile
4938,ext,bangla,mobile
4939,ext,bangla,mobile
4940,ext,bangla,mobile
4941,ext,bangla,mobile
4942,ext,bangla,mobile
4943,ext,bangla,light_bulb
4944,ext,bangla,light_bulb
4945,ext,bangla,light_bulb
4946,ext,bangla,light_bulb
4947,ext,bangla,light_bulb
4948,ext,bangla,light_bulb
4949,ext,bangla,light_bulb
4950,ext,bangla,light_bulb
4951,ext,bangla,light_bulb
4952,ext,bangla,light_bulb
4953,ext,bangla,light_bulb
4954,ext,bangla,light_bulb
4955,ext,bangla,light_bulb
4956,ext,bangla,light_bulb
4957,ext,bangla,light_bulb
4958,ext,bangla,mobile
4959,ext,bangla,mobile
4960,ext,bangla,mobile
4961,ext,bangla,mobile
4962,ext,bangla,mobile
4963,ext,bangla,mobile
4964,ext,bangla,pcb
4965,ext,bangla,pcb
4966,ext,bangla,pcb
4967,ext,bangla,pcb
4968,ext,bangla,pcb
4969,ext,bangla,pcb
4970,ext,bangla,pcb
4971,ext,bangla,pcb
4972,ext,bangla,mobile
4973,ext,bangla,mobile
4974,ext,bangla,mobile
4975,ext,bangla,mobile
4976,ext,bangla,mobile
4977,ext,bangla,mobile
4978,ext,bangla,mobile
4979,ext,bangla,mobile
4980,ext,bangla,mobile
4981,ext,bangla,mobile
4982,ext,bangla,mobile
4983,ext,bangla,mobile
4984,ext,bangla,mobile
4985,ext,bangla,mobile
4986,ext,bangla,mobile
4987,ext,bangla,mobile
4988,ext,bangla,mobile
4989,ext,bangla,mobile
4990,ext,bangla,mobile
4991,ext,bangla,mobile
4992,ext,bangla,mobile
4993,ext,bangla,mobile
4994,ext,bangla,mobile
4995,ext,bangla,mobile
4996,ext,bangla,mobile
4997,ext,bangla,mobile
4998,ext,bangla,mobile
4999,ext,bangla,mobile
5000,ext,bangla,mobile
5001,ext,bangla,mobile
5002,ext,bangla,mobile
5003,ext,bangla,mobile
5004,ext,bangla,mobile
5005,ext,bangla,mobile
5006,ext,bangla,mouse
5007,ext,bangla,mouse
5008,ext,bangla,mouse
5009,ext,bangla,mouse
5010,ext,bangla,mouse
5011,ext,bangla,mouse
5012,ext,bangla,mouse
5013,ext,bangla,mouse
5014,ext,bangla,pcb
5015,ext,bangla,pcb
5016,ext,bangla,pcb
5017,ext,bangla,pcb
5018,ext,bangla,pcb
5019,ext,bangla,pcb
5020,ext,bangla,pcb
5021,ext,bangla,pcb
5022,ext,bangla,pcb
5023,ext,bangla,pcb
5024,ext,bangla,pcb
5025,ext,bangla,pcb
5026,ext,bangla,pcb
5027,ext,bangla,pcb
5028,ext,bangla,pcb
5029,ext,bangla,pcb
5030,ext,bangla,pcb
5031,ext,bangla,pcb
5032,ext,bangla,pcb
5033,ext,bangla,pcb
5034,ext,bangla,pcb
5035,ext,bangla,pcb
5036,ext,bangla,pcb
5037,ext,bangla,pcb
5038,ext,bangla,pcb
5039,ext,bangla,pcb
5040,ext,bangla,pcb
5041,ext,bangla,pcb
5042,ext,bangla,pcb
5043,ext,bangla,pcb
5044,ext,bangla,pcb
5045,ext,bangla,pcb
5046,ext,bangla,pcb
5047,ext,bangla,pcb
5048,ext,bangla,pcb
5049,ext,bangla,pcb
5050,ext,bangla,pcb
5051,ext,bangla,pcb
5052,ext,bangla,pcb
5053,ext,bangla,pcb
5054,ext,bangla,pcb
5055,ext,bangla,pcb
5056,ext,bangla,pcb
5057,ext,bangla,pcb
5058,ext,bangla,pcb
5059,ext,bangla,pcb
5060,ext,bangla,pcb
5061,ext,bangla,pcb
5062,ext,bangla,pcb
5063,ext,bangla,pcb
5064,ext,bangla,pcb
5065,ext,bangla,pcb
5066,ext,bangla,pcb
5067,ext,bangla,pcb
5068,ext,bangla,pcb
5069,ext,bangla,pcb
5070,ext,bangla,pcb
5071,ext,bangla,pcb
5072,ext,bangla,pcb
5073,ext,bangla,pcb
5074,ext,bangla,pcb
5075,ext,bangla,pcb
5076,ext,bangla,pcb
5077,ext,bangla,pcb
5078,ext,bangla,pcb
5079,ext,bangla,pcb
5080,ext,bangla,pcb
5081,ext,bangla,pcb
5082,ext,bangla,pcb
5083,ext,bangla,pcb
5084,ext,bangla,pcb
5085,ext,bangla,pcb
5086,ext,bangla,pcb
5087,ext,bangla,pcb
5088,ext,bangla,pcb
5089,ext,bangla,pcb
5090,ext,bangla,pcb
5091,ext,bangla,pcb
5092,ext,bangla,pcb
5093,ext,bangla,pcb
5094,ext,bangla,pcb
5095,ext,bangla,pcb
5096,ext,bangla,pcb
5097,ext,bangla,pcb
5098,ext,bangla,pcb
5099,ext,bangla,pcb
5100,ext,bangla,pcb
5101,ext,bangla,pcb
5102,ext,bangla,pcb
5103,ext,bangla,pcb
5104,ext,bangla,pcb
5105,ext,bangla,pcb
5106,ext,bangla,pcb
5107,ext,bangla,pcb
5108,ext,bangla,pcb
5109,ext,bangla,keyboard
5110,ext,bangla,keyboard
5111,ext,bangla,keyboard
5112,ext,bangla,keyboard
5113,ext,bangla,keyboard
5114,ext,bangla,keyboard
5115,ext,bangla,keyboard
5116,ext,bangla,keyboard
5117,ext,bangla,keyboard
5118,ext,bangla,keyboard
5119,ext,bangla,keyboard
5120,ext,bangla,keyboard
5121,ext,bangla,keyboard
5122,ext,bangla,keyboard
5123,ext,bangla,keyboard
5124,ext,bangla,keyboard
5125,ext,bangla,keyboard
5126,ext,bangla,keyboard
5127,ext,bangla,keyboard
5128,ext,bangla,keyboard
5129,ext,bangla,keyboard
5130,ext,bangla,keyboard
5131,ext,bangla,keyboard
5132,ext,bangla,keyboard
5133,ext,bangla,keyboard
5134,ext,bangla,keyboard
5135,ext,bangla,keyboard
5136,ext,bangla,keyboard
5137,ext,bangla,keyboard
5138,ext,bangla,keyboard
5139,ext,bangla,keyboard
5140,ext,bangla,keyboard
5141,ext,bangla,keyboard
5142,ext,bangla,keyboard
5143,ext,bangla,keyboard
5144,ext,bangla,keyboard
5145,ext,bangla,keyboard
5146,ext,bangla,keyboard
5147,ext,bangla,keyboard
5148,ext,bangla,keyboard
5149,ext,bangla,keyboard
5150,ext,bangla,keyboard
5151,ext,bangla,keyboard
5152,ext,bangla,keyboard
5153,ext,bangla,keyboard
5154,ext,bangla,keyboard
5155,ext,bangla,keyboard
5156,ext,bangla,keyboard
5157,ext,bangla,keyboard
5158,ext,bangla,keyboard
5159,ext,bangla,keyboard
5160,ext,bangla,keyboard
5161,ext,bangla,keyboard
5162,ext,bangla,keyboard
5163,ext,bangla,keyboard
5164,ext,bangla,keyboard
5165,ext,bangla,keyboard
5166,ext,bangla,keyboard
5167,ext,bangla,keyboard
5168,ext,bangla,keyboard
5169,ext,bangla,keyboard
5170,ext,bangla,keyboard
5171,ext,bangla,mouse
5172,ext,bangla,mouse
5173,ext,bangla,mouse
5174,ext,bangla,mouse
5175,ext,bangla,mouse
5176,ext,bangla,mouse
5177,ext,bangla,mouse
5178,ext,bangla,mouse
5179,ext,bangla,mouse
5180,ext,bangla,mouse
5181,ext,bangla,mouse
5182,ext,bangla,mouse
5183,ext,bangla,mouse
5184,ext,bangla,mouse
5185,ext,bangla,mouse
5186,ext,bangla,mouse
5187,ext,bangla,mouse
5188,ext,bangla,mouse
5189,ext,bangla,mouse
5190,ext,bangla,mouse
5191,ext,bangla,mouse
5192,ext,bangla,light_bulb
5193,ext,bangla,light_bulb
5194,ext,bangla,light_bulb
5195,ext,bangla,light_bulb
5196,ext,bangla,light_bulb
5197,ext,bangla,light_bulb
5198,ext,bangla,light_bulb
5199,ext,bangla,light_bulb
5200,ext,bangla,light_bulb
5201,ext,bangla,light_bulb
5202,ext,bangla,battery
5203,ext,bangla,battery
5204,ext,bangla,battery
5205,ext,bangla,battery
5206,ext,bangla,battery
5207,ext,bangla,battery
5208,ext,bangla,battery
5209,ext,bangla,battery
5210,ext,bangla,battery
5211,ext,bangla,battery
5212,ext,bangla,battery
5213,ext,bangla,battery
5214,ext,bangla,battery
5215,ext,bangla,battery
5216,ext,bangla,battery
5217,ext,bangla,battery
5218,ext,bangla,battery
5219,ext,bangla,battery
5220,ext,bangla,battery
5221,ext,bangla,battery
5222,ext,bangla,battery
5223,ext,bangla,battery
5224,ext,bangla,battery
5225,ext,bangla,battery
5226,ext,bangla,battery
5227,ext,bangla,battery
5228,ext,bangla,battery
5229,ext,bangla,battery
5230,ext,bangla,battery
5231,ext,bangla,battery
5232,ext,bangla,battery
5233,ext,bangla,battery
5234,ext,bangla,battery
5235,ext,bangla,battery
5236,ext,bangla,battery
5237,ext,bangla,battery
5238,ext,bangla,battery
5239,ext,bangla,battery
5240,ext,bangla,battery
5241,ext,bangla,battery
5242,ext,bangla,battery
5243,ext,bangla,battery
5244,ext,bangla,battery
5245,ext,bangla,battery
5246,ext,bangla,battery
5247,ext,bangla,battery
5248,ext,bangla,battery
5249,ext,bangla,battery
5250,ext,bangla,battery
5251,ext,bangla,battery
5252,ext,bangla,mobile
5253,ext,bangla,mobile
5254,ext,bangla,mobile
5255,ext,bangla,mobile
5256,ext,bangla,battery
5257,ext,bangla,mobile
5258,ext,bangla,pcb
5259,ext,bangla,mobile
5260,ext,bangla,pcb
5261,ext,bangla,pcb
5262,ext,bangla,pcb
5263,ext,bangla,pcb
5264,ext,bangla,pcb
5265,ext,bangla,keyboard
5266,ext,bangla,keyboard
5267,ext,bangla,keyboard
5268,ext,bangla,light_bulb
5269,ext,bangla,light_bulb
5270,ext,bangla,battery
5271,ext,bangla,battery
5272,ext,kaan,battery
5273,ext,kaan,battery
5274,ext,kaan,battery
5275,ext,kaan,battery
5276,ext,kaan,battery
5277,ext,kaan,battery
5278,ext,kaan,battery
5279,ext,kaan,battery
5280,ext,kaan,battery
5281,ext,kaan,battery
5282,ext,kaan,battery
5283,ext,kaan,battery
5284,ext,kaan,battery
5285,ext,kaan,battery
5286,ext,kaan,battery
5287,ext,kaan,battery
5288,ext,kaan,battery
5289,ext,kaan,battery
5290,ext,kaan,battery
5291,ext,kaan,battery
5292,ext,kaan,battery
5293,ext,kaan,battery
5294,ext,kaan,battery
5295,ext,kaan,battery
5296,ext,kaan,battery
5297,ext,kaan,battery
5298,ext,kaan,battery
5299,ext,kaan,battery
5300,ext,kaan,battery
5301,ext,kaan,battery
5302,ext,kaan,battery
5303,ext,kaan,battery
5304,ext,kaan,battery
5305,ext,kaan,battery
5306,ext,kaan,battery
5307,ext,kaan,battery
5308,ext,kaan,battery
5309,ext,kaan,battery
5310,ext,kaan,battery
5311,ext,kaan,battery
5312,ext,kaan,battery
5313,ext,kaan,battery
5314,ext,kaan,battery
5315,ext,kaan,battery
5316,ext,kaan,battery
5317,ext,kaan,battery
5318,ext,kaan,battery
5319,ext,kaan,battery
5320,ext,kaan,battery
5321,ext,kaan,battery
5322,ext,kaan,battery
5323,ext,kaan,battery
5324,ext,kaan,battery
5325,ext,kaan,battery
5326,ext,kaan,battery
5327,ext,kaan,battery
5328,ext,kaan,battery
5329,ext,kaan,battery
5330,ext,kaan,battery
5331,ext,kaan,battery
5332,ext,kaan,battery
5333,ext,kaan,battery
5334,ext,kaan,battery
5335,ext,kaan,battery
5336,ext,kaan,battery
5337,ext,kaan,battery
5338,ext,kaan,battery
5339,ext,kaan,battery
5340,ext,kaan,battery
5341,ext,kaan,battery
5342,ext,kaan,battery
5343,ext,kaan,battery
5344,ext,kaan,battery
5345,ext,kaan,battery
5346,ext,kaan,battery
5347,ext,kaan,battery
5348,ext,kaan,battery
5349,ext,kaan,battery
5350,ext,kaan,battery
5351,ext,kaan,battery
5352,ext,kaan,battery
5353,ext,kaan,battery
5354,ext,kaan,battery
5355,ext,kaan,battery
5356,ext,kaan,battery
5357,ext,kaan,battery
5358,ext,kaan,battery
5359,ext,kaan,battery
5360,ext,kaan,battery
5361,ext,kaan,battery
5362,ext,kaan,battery
5363,ext,kaan,battery
5364,ext,kaan,battery
5365,ext,kaan,battery
5366,ext,kaan,battery
5367,ext,kaan,battery
5368,ext,kaan,battery
5369,ext,kaan,battery
5370,ext,kaan,battery
5371,ext,kaan,battery
5372,ext,kaan,battery
5373,ext,kaan,battery
5374,ext,kaan,battery
5375,ext,kaan,battery
5376,ext,kaan,battery
5377,ext,kaan,battery
5378,ext,kaan,battery
5379,ext,kaan,battery
5380,ext,kaan,battery
5381,ext,kaan,battery
5382,ext,kaan,battery
5383,ext,kaan,battery
5384,ext,kaan,battery
5385,ext,kaan,battery
5386,ext,kaan,battery
5387,ext,kaan,battery
5388,ext,kaan,battery
5389,ext,kaan,battery
5390,ext,kaan,battery
5391,ext,kaan,battery
5392,ext,kaan,battery
5393,ext,kaan,battery
5394,ext,kaan,battery
5395,ext,kaan,battery
5396,ext,kaan,battery
5397,ext,kaan,battery
5398,ext,kaan,battery
5399,ext,kaan,battery
5400,ext,kaan,battery
5401,ext,kaan,battery
5402,ext,kaan,battery
5403,ext,kaan,battery
5404,ext,kaan,battery
5405,ext,kaan,battery
5406,ext,kaan,battery
5407,ext,kaan,battery
5408,ext,kaan,battery
5409,ext,kaan,battery
5410,ext,kaan,battery
5411,ext,kaan,battery
5412,ext,kaan,battery
5413,ext,kaan,battery
5414,ext,kaan,battery
5415,ext,kaan,battery
5416,ext,kaan,battery
5417,ext,kaan,battery
5418,ext,kaan,battery
5419,ext,kaan,battery
5420,ext,kaan,battery
5421,ext,kaan,battery
5422,ext,kaan,battery
5423,ext,kaan,battery
5424,ext,kaan,battery
5425,ext,kaan,battery
5426,ext,kaan,battery
5427,ext,kaan,battery
5428,ext,kaan,battery
5429,ext,kaan,battery
5430,ext,kaan,battery
5431,ext,kaan,battery
5432,ext,kaan,battery
5433,ext,kaan,battery
5434,ext,kaan,battery
5435,ext,kaan,battery
5436,ext,kaan,battery
5437,ext,kaan,battery
5438,ext,kaan,battery
5439,ext,kaan,battery
5440,ext,kaan,battery
5441,ext,kaan,battery
5442,ext,kaan,battery
5443,ext,kaan,battery
5444,ext,kaan,battery
5445,ext,kaan,battery
5446,ext,kaan,battery
5447,ext,kaan,battery
5448,ext,kaan,battery
5449,ext,kaan,battery
5450,ext,kaan,battery
5451,ext,kaan,battery
5452,ext,kaan,battery
5453,ext,kaan,battery
5454,ext,kaan,battery
5455,ext,kaan,battery
5456,ext,kaan,battery
5457,ext,kaan,battery
5458,ext,kaan,battery
5459,ext,kaan,battery
5460,ext,kaan,battery
5461,ext,kaan,battery
5462,ext,kaan,battery
5463,ext,kaan,battery
5464,ext,kaan,battery
5465,ext,kaan,battery
5466,ext,kaan,battery
5467,ext,kaan,battery
5468,ext,kaan,battery
5469,ext,kaan,battery
5470,ext,kaan,battery
5471,ext,kaan,battery
5472,ext,kaan,keyboard
5473,ext,kaan,keyboard
5474,ext,kaan,keyboard
5475,ext,kaan,keyboard
5476,ext,kaan,keyboard
5477,ext,kaan,keyboard
5478,ext,kaan,keyboard
5479,ext,kaan,keyboard
5480,ext,kaan,keyboard
5481,ext,kaan,keyboard
5482,ext,kaan,keyboard
5483,ext,kaan,keyboard
5484,ext,kaan,keyboard
5485,ext,kaan,keyboard
5486,ext,kaan,keyboard
5487,ext,kaan,keyboard
5488,ext,kaan,keyboard
5489,ext,kaan,keyboard
5490,ext,kaan,keyboard
5491,ext,kaan,keyboard
5492,ext,kaan,keyboard
5493,ext,kaan,keyboard
5494,ext,kaan,keyboard
5495,ext,kaan,keyboard
5496,ext,kaan,keyboard
5497,ext,kaan,keyboard
5498,ext,kaan,keyboard
5499,ext,kaan,keyboard
5500,ext,kaan,keyboard
5501,ext,kaan,keyboard
5502,ext,kaan,keyboard
5503,ext,kaan,keyboard
5504,ext,kaan,keyboard
5505,ext,kaan,keyboard
5506,ext,kaan,keyboard
5507,ext,kaan,keyboard
5508,ext,kaan,keyboard
5509,ext,kaan,keyboard
5510,ext,kaan,keyboard
5511,ext,kaan,keyboard
5512,ext,kaan,keyboard
5513,ext,kaan,keyboard
5514,ext,kaan,keyboard
5515,ext,kaan,keyboard
5516,ext,kaan,keyboard
5517,ext,kaan,keyboard
5518,ext,kaan,keyboard
5519,ext,kaan,keyboard
5520,ext,kaan,keyboard
5521,ext,kaan,keyboard
5522,ext,kaan,keyboard
5523,ext,kaan,keyboard
5524,ext,kaan,keyboard
5525,ext,kaan,keyboard
5526,ext,kaan,keyboard
5527,ext,kaan,keyboard
5528,ext,kaan,keyboard
5529,ext,kaan,keyboard
5530,ext,kaan,keyboard
5531,ext,kaan,keyboard
5532,ext,kaan,keyboard
5533,ext,kaan,keyboard
5534,ext,kaan,keyboard
5535,ext,kaan,keyboard
5536,ext,kaan,keyboard
5537,ext,kaan,keyboard
5538,ext,kaan,keyboard
5539,ext,kaan,keyboard
5540,ext,kaan,keyboard
5541,ext,kaan,keyboard
5542,ext,kaan,keyboard
5543,ext,kaan,keyboard
5544,ext,kaan,keyboard
5545,ext,kaan,keyboard
5546,ext,kaan,keyboard
5547,ext,kaan,keyboard
5548,ext,kaan,keyboard
5549,ext,kaan,keyboard
5550,ext,kaan,keyboard
5551,ext,kaan,keyboard
5552,ext,kaan,keyboard
5553,ext,kaan,keyboard
5554,ext,kaan,keyboard
5555,ext,kaan,keyboard
5556,ext,kaan,keyboard
5557,ext,kaan,keyboard
5558,ext,kaan,keyboard
5559,ext,kaan,keyboard
5560,ext,kaan,keyboard
5561,ext,kaan,keyboard
5562,ext,kaan,keyboard
5563,ext,kaan,keyboard
5564,ext,kaan,keyboard
5565,ext,kaan,keyboard
5566,ext,kaan,keyboard
5567,ext,kaan,keyboard
5568,ext,kaan,keyboard
5569,ext,kaan,keyboard
5570,ext,kaan,keyboard
5571,ext,kaan,keyboard
5572,ext,kaan,keyboard
5573,ext,kaan,keyboard
5574,ext,kaan,keyboard
5575,ext,kaan,keyboard
5576,ext,kaan,keyboard
5577,ext,kaan,keyboard
5578,ext,kaan,keyboard
5579,ext,kaan,keyboard
5580,ext,kaan,keyboard
5581,ext,kaan,keyboard
5582,ext,kaan,keyboard
5583,ext,kaan,keyboard
5584,ext,kaan,keyboard
5585,ext,kaan,keyboard
5586,ext,kaan,keyboard
5587,ext,kaan,keyboard
5588,ext,kaan,keyboard
5589,ext,kaan,keyboard
5590,ext,kaan,keyboard
5591,ext,kaan,keyboard
5592,ext,kaan,keyboard
5593,ext,kaan,keyboard
5594,ext,kaan,keyboard
5595,ext,kaan,keyboard
5596,ext,kaan,keyboard
5597,ext,kaan,keyboard
5598,ext,kaan,keyboard
5599,ext,kaan,keyboard
5600,ext,kaan,keyboard
5601,ext,kaan,keyboard
5602,ext,kaan,keyboard
5603,ext,kaan,keyboard
5604,ext,kaan,keyboard
5605,ext,kaan,keyboard
5606,ext,kaan,keyboard
5607,ext,kaan,keyboard
5608,ext,kaan,keyboard
5609,ext,kaan,keyboard
5610,ext,kaan,keyboard
5611,ext,kaan,keyboard
5612,ext,kaan,keyboard
5613,ext,kaan,keyboard
5614,ext,kaan,keyboard
5615,ext,kaan,keyboard
5616,ext,kaan,keyboard
5617,ext,kaan,keyboard
5618,ext,kaan,keyboard
5619,ext,kaan,keyboard
5620,ext,kaan,keyboard
5621,ext,kaan,keyboard
5622,ext,kaan,keyboard
5623,ext,kaan,keyboard
5624,ext,kaan,keyboard
5625,ext,kaan,keyboard
5626,ext,kaan,keyboard
5627,ext,kaan,keyboard
5628,ext,kaan,keyboard
5629,ext,kaan,keyboard
5630,ext,kaan,keyboard
5631,ext,kaan,keyboard
5632,ext,kaan,keyboard
5633,ext,kaan,keyboard
5634,ext,kaan,keyboard
5635,ext,kaan,keyboard
5636,ext,kaan,keyboard
5637,ext,kaan,keyboard
5638,ext,kaan,keyboard
5639,ext,kaan,keyboard
5640,ext,kaan,keyboard
5641,ext,kaan,keyboard
5642,ext,kaan,keyboard
5643,ext,kaan,keyboard
5644,ext,kaan,keyboard
5645,ext,kaan,keyboard
5646,ext,kaan,keyboard
5647,ext,kaan,keyboard
5648,ext,kaan,keyboard
5649,ext,kaan,keyboard
5650,ext,kaan,keyboard
5651,ext,kaan,keyboard
5652,ext,kaan,keyboard
5653,ext,kaan,keyboard
5654,ext,kaan,keyboard
5655,ext,kaan,keyboard
5656,ext,kaan,keyboard
5657,ext,kaan,keyboard
5658,ext,kaan,keyboard
5659,ext,kaan,keyboard
5660,ext,kaan,keyboard
5661,ext,kaan,microwave
5662,ext,kaan,microwave
5663,ext,kaan,microwave
5664,ext,kaan,microwave
5665,ext,kaan,microwave
5666,ext,kaan,microwave
5667,ext,kaan,microwave
5668,ext,kaan,microwave
5669,ext,kaan,microwave
5670,ext,kaan,microwave
5671,ext,kaan,microwave
5672,ext,kaan,microwave
5673,ext,kaan,microwave
5674,ext,kaan,microwave
5675,ext,kaan,microwave
5676,ext,kaan,microwave
5677,ext,kaan,microwave
5678,ext,kaan,microwave
5679,ext,kaan,microwave
5680,ext,kaan,microwave
5681,ext,kaan,microwave
5682,ext,kaan,microwave
5683,ext,kaan,microwave
5684,ext,kaan,microwave
5685,ext,kaan,microwave
5686,ext,kaan,microwave
5687,ext,kaan,microwave
5688,ext,kaan,microwave
5689,ext,kaan,microwave
5690,ext,kaan,microwave
5691,ext,kaan,microwave
5692,ext,kaan,microwave
5693,ext,kaan,microwave
5694,ext,kaan,microwave
5695,ext,kaan,microwave
5696,ext,kaan,microwave
5697,ext,kaan,microwave
5698,ext,kaan,microwave
5699,ext,kaan,microwave
5700,ext,kaan,microwave
5701,ext,kaan,microwave
5702,ext,kaan,microwave
5703,ext,kaan,microwave
5704,ext,kaan,microwave
5705,ext,kaan,microwave
5706,ext,kaan,microwave
5707,ext,kaan,microwave
5708,ext,kaan,microwave
5709,ext,kaan,microwave
5710,ext,kaan,microwave
5711,ext,kaan,microwave
5712,ext,kaan,microwave
5713,ext,kaan,microwave
5714,ext,kaan,microwave
5715,ext,kaan,microwave
5716,ext,kaan,microwave
5717,ext,kaan,microwave
5718,ext,kaan,microwave
5719,ext,kaan,microwave
5720,ext,kaan,microwave
5721,ext,kaan,microwave
5722,ext,kaan,microwave
5723,ext,kaan,microwave
5724,ext,kaan,microwave
5725,ext,kaan,microwave
5726,ext,kaan,microwave
5727,ext,kaan,microwave
5728,ext,kaan,microwave
5729,ext,kaan,microwave
5730,ext,kaan,microwave
5731,ext,kaan,microwave
5732,ext,kaan,microwave
5733,ext,kaan,microwave
5734,ext,kaan,microwave
5735,ext,kaan,microwave
5736,ext,kaan,microwave
5737,ext,kaan,microwave
5738,ext,kaan,microwave
5739,ext,kaan,microwave
5740,ext,kaan,microwave
5741,ext,kaan,microwave
5742,ext,kaan,microwave
5743,ext,kaan,microwave
5744,ext,kaan,microwave
5745,ext,kaan,microwave
5746,ext,kaan,microwave
5747,ext,kaan,microwave
5748,ext,kaan,microwave
5749,ext,kaan,microwave
5750,ext,kaan,microwave
5751,ext,kaan,microwave
5752,ext,kaan,microwave
5753,ext,kaan,microwave
5754,ext,kaan,microwave
5755,ext,kaan,microwave
5756,ext,kaan,microwave
5757,ext,kaan,microwave
5758,ext,kaan,microwave
5759,ext,kaan,microwave
5760,ext,kaan,microwave
5761,ext,kaan,microwave
5762,ext,kaan,microwave
5763,ext,kaan,microwave
5764,ext,kaan,microwave
5765,ext,kaan,microwave
5766,ext,kaan,microwave
5767,ext,kaan,microwave
5768,ext,kaan,microwave
5769,ext,kaan,microwave
5770,ext,kaan,microwave
5771,ext,kaan,microwave
5772,ext,kaan,microwave
5773,ext,kaan,microwave
5774,ext,kaan,microwave
5775,ext,kaan,microwave
5776,ext,kaan,microwave
5777,ext,kaan,microwave
5778,ext,kaan,microwave
5779,ext,kaan,microwave
5780,ext,kaan,microwave
5781,ext,kaan,microwave
5782,ext,kaan,microwave
5783,ext,kaan,microwave
5784,ext,kaan,microwave
5785,ext,kaan,microwave
5786,ext,kaan,microwave
5787,ext,kaan,microwave
5788,ext,kaan,microwave
5789,ext,kaan,microwave
5790,ext,kaan,microwave
5791,ext,kaan,microwave
5792,ext,kaan,microwave
5793,ext,kaan,microwave
5794,ext,kaan,microwave
5795,ext,kaan,microwave
5796,ext,kaan,microwave
5797,ext,kaan,microwave
5798,ext,kaan,microwave
5799,ext,kaan,microwave
5800,ext,kaan,microwave
5801,ext,kaan,microwave
5802,ext,kaan,microwave
5803,ext,kaan,microwave
5804,ext,kaan,microwave
5805,ext,kaan,microwave
5806,ext,kaan,microwave
5807,ext,kaan,microwave
5808,ext,kaan,microwave
5809,ext,kaan,microwave
5810,ext,kaan,microwave
5811,ext,kaan,microwave
5812,ext,kaan,microwave
5813,ext,kaan,microwave
5814,ext,kaan,microwave
5815,ext,kaan,microwave
5816,ext,kaan,microwave
5817,ext,kaan,microwave
5818,ext,kaan,microwave
5819,ext,kaan,microwave
5820,ext,kaan,microwave
5821,ext,kaan,microwave
5822,ext,kaan,microwave
5823,ext,kaan,microwave
5824,ext,kaan,microwave
5825,ext,kaan,microwave
5826,ext,kaan,microwave
5827,ext,kaan,microwave
5828,ext,kaan,microwave
5829,ext,kaan,microwave
5830,ext,kaan,microwave
5831,ext,kaan,microwave
5832,ext,kaan,microwave
5833,ext,kaan,microwave
5834,ext,kaan,microwave
5835,ext,kaan,microwave
5836,ext,kaan,microwave
5837,ext,kaan,microwave
5838,ext,kaan,microwave
5839,ext,kaan,microwave
5840,ext,kaan,microwave
5841,ext,kaan,microwave
5842,ext,kaan,microwave
5843,ext,kaan,microwave
5844,ext,kaan,mobile
5845,ext,kaan,mobile
5846,ext,kaan,mobile
5847,ext,kaan,mobile
5848,ext,kaan,mobile
5849,ext,kaan,mobile
5850,ext,kaan,mobile
5851,ext,kaan,mobile
5852,ext,kaan,mobile
5853,ext,kaan,mobile
5854,ext,kaan,mobile
5855,ext,kaan,mobile
5856,ext,kaan,mobile
5857,ext,kaan,mobile
5858,ext,kaan,mobile
5859,ext,kaan,mobile
5860,ext,kaan,mobile
5861,ext,kaan,mobile
5862,ext,kaan,mobile
5863,ext,kaan,mobile
5864,ext,kaan,mobile
5865,ext,kaan,mobile
5866,ext,kaan,mobile
5867,ext,kaan,mobile
5868,ext,kaan,mobile
5869,ext,kaan,mobile
5870,ext,kaan,mobile
5871,ext,kaan,mobile
5872,ext,kaan,mobile
5873,ext,kaan,mobile
5874,ext,kaan,mobile
5875,ext,kaan,mobile
5876,ext,kaan,mobile
5877,ext,kaan,mobile
5878,ext,kaan,mobile
5879,ext,kaan,mobile
5880,ext,kaan,mobile
5881,ext,kaan,mobile
5882,ext,kaan,mobile
5883,ext,kaan,mobile
5884,ext,kaan,mobile
5885,ext,kaan,mobile
5886,ext,kaan,mobile
5887,ext,kaan,mobile
5888,ext,kaan,mobile
5889,ext,kaan,mobile
5890,ext,kaan,mobile
5891,ext,kaan,mobile
5892,ext,kaan,mobile
5893,ext,kaan,mobile
5894,ext,kaan,mobile
5895,ext,kaan,mobile
5896,ext,kaan,mobile
5897,ext,kaan,mobile
5898,ext,kaan,mobile
5899,ext,kaan,mobile
5900,ext,kaan,mobile
5901,ext,kaan,mobile
5902,ext,kaan,mobile
5903,ext,kaan,mobile
5904,ext,kaan,mobile
5905,ext,kaan,mobile
5906,ext,kaan,mobile
5907,ext,kaan,mobile
5908,ext,kaan,mobile
5909,ext,kaan,mobile
5910,ext,kaan,mobile
5911,ext,kaan,mobile
5912,ext,kaan,mobile
5913,ext,kaan,mobile
5914,ext,kaan,mobile
5915,ext,kaan,mobile
5916,ext,kaan,mobile
5917,ext,kaan,mobile
5918,ext,kaan,mobile
5919,ext,kaan,mobile
5920,ext,kaan,mobile
5921,ext,kaan,mobile
5922,ext,kaan,mobile
5923,ext,kaan,mobile
5924,ext,kaan,mobile
5925,ext,kaan,mobile
5926,ext,kaan,mobile
5927,ext,kaan,mobile
5928,ext,kaan,mobile
5929,ext,kaan,mobile
5930,ext,kaan,mobile
5931,ext,kaan,mobile
5932,ext,kaan,mobile
5933,ext,kaan,mobile
5934,ext,kaan,mobile
5935,ext,kaan,mobile
5936,ext,kaan,mobile
5937,ext,kaan,mobile
5938,ext,kaan,mobile
5939,ext,kaan,mobile
5940,ext,kaan,mobile
5941,ext,kaan,mobile
5942,ext,kaan,mobile
5943,ext,kaan,mobile
5944,ext,kaan,mobile
5945,ext,kaan,mobile
5946,ext,kaan,mobile
5947,ext,kaan,mobile
5948,ext,kaan,mobile
5949,ext,kaan,mobile
5950,ext,kaan,mobile
5951,ext,kaan,mobile
5952,ext,kaan,mobile
5953,ext,kaan,mobile
5954,ext,kaan,mobile
5955,ext,kaan,mobile
5956,ext,kaan,mobile
5957,ext,kaan,mobile
5958,ext,kaan,mobile
5959,ext,kaan,mobile
5960,ext,kaan,mobile
5961,ext,kaan,mobile
5962,ext,kaan,mobile
5963,ext,kaan,mobile
5964,ext,kaan,mobile
5965,ext,kaan,mobile
5966,ext,kaan,mobile
5967,ext,kaan,mobile
5968,ext,kaan,mobile
5969,ext,kaan,mobile
5970,ext,kaan,mobile
5971,ext,kaan,mobile
5972,ext,kaan,mobile
5973,ext,kaan,mobile
5974,ext,kaan,mobile
5975,ext,kaan,mobile
5976,ext,kaan,mobile
5977,ext,kaan,mobile
5978,ext,kaan,mobile
5979,ext,kaan,mobile
5980,ext,kaan,mobile
5981,ext,kaan,mobile
5982,ext,kaan,mobile
5983,ext,kaan,mobile
5984,ext,kaan,mobile
5985,ext,kaan,mobile
5986,ext,kaan,mobile
5987,ext,kaan,mobile
5988,ext,kaan,mobile
5989,ext,kaan,mobile
5990,ext,kaan,mobile
5991,ext,kaan,mobile
5992,ext,kaan,mobile
5993,ext,kaan,mobile
5994,ext,kaan,mobile
5995,ext,kaan,mobile
5996,ext,kaan,mobile
5997,ext,kaan,mobile
5998,ext,kaan,mobile
5999,ext,kaan,mobile
6000,ext,kaan,mobile
6001,ext,kaan,mobile
6002,ext,kaan,mobile
6003,ext,kaan,mobile
6004,ext,kaan,mobile
6005,ext,kaan,mobile
6006,ext,kaan,mobile
6007,ext,kaan,mobile
6008,ext,kaan,mobile
6009,ext,kaan,mobile
6010,ext,kaan,mobile
6011,ext,kaan,mobile
6012,ext,kaan,mobile
6013,ext,kaan,mobile
6014,ext,kaan,mobile
6015,ext,kaan,mouse
6016,ext,kaan,mouse
6017,ext,kaan,mouse
6018,ext,kaan,mouse
6019,ext,kaan,mouse
6020,ext,kaan,mouse
6021,ext,kaan,mouse
6022,ext,kaan,mouse
6023,ext,kaan,mouse
6024,ext,kaan,mouse
6025,ext,kaan,mouse
6026,ext,kaan,mouse
6027,ext,kaan,mouse
6028,ext,kaan,mouse
6029,ext,kaan,mouse
6030,ext,kaan,mouse
6031,ext,kaan,mouse
6032,ext,kaan,mouse
6033,ext,kaan,mouse
6034,ext,kaan,mouse
6035,ext,kaan,mouse
6036,ext,kaan,mouse
6037,ext,kaan,mouse
6038,ext,kaan,mouse
6039,ext,kaan,mouse
6040,ext,kaan,mouse
6041,ext,kaan,mouse
6042,ext,kaan,mouse
6043,ext,kaan,mouse
6044,ext,kaan,mouse
6045,ext,kaan,mouse
6046,ext,kaan,mouse
6047,ext,kaan,mouse
6048,ext,kaan,mouse
6049,ext,kaan,mouse
6050,ext,kaan,mouse
6051,ext,kaan,mouse
6052,ext,kaan,mouse
6053,ext,kaan,mouse
6054,ext,kaan,mouse
6055,ext,kaan,mouse
6056,ext,kaan,mouse
6057,ext,kaan,mouse
6058,ext,kaan,mouse
6059,ext,kaan,mouse
6060,ext,kaan,mouse
6061,ext,kaan,mouse
6062,ext,kaan,mouse
6063,ext,kaan,mouse
6064,ext,kaan,mouse
6065,ext,kaan,mouse
6066,ext,kaan,mouse
6067,ext,kaan,mouse
6068,ext,kaan,mouse
6069,ext,kaan,mouse
6070,ext,kaan,mouse
6071,ext,kaan,mouse
6072,ext,kaan,mouse
6073,ext,kaan,mouse
6074,ext,kaan,mouse
6075,ext,kaan,mouse
6076,ext,kaan,mouse
6077,ext,kaan,mouse
6078,ext,kaan,mouse
6079,ext,kaan,mouse
6080,ext,kaan,mouse
6081,ext,kaan,mouse
6082,ext,kaan,mouse
6083,ext,kaan,mouse
6084,ext,kaan,mouse
6085,ext,kaan,mouse
6086,ext,kaan,mouse
6087,ext,kaan,mouse
6088,ext,kaan,mouse
6089,ext,kaan,mouse
6090,ext,kaan,mouse
6091,ext,kaan,mouse
6092,ext,kaan,mouse
6093,ext,kaan,mouse
6094,ext,kaan,mouse
6095,ext,kaan,mouse
6096,ext,kaan,mouse
6097,ext,kaan,mouse
6098,ext,kaan,mouse
6099,ext,kaan,mouse
6100,ext,kaan,mouse
6101,ext,kaan,mouse
6102,ext,kaan,mouse
6103,ext,kaan,mouse
6104,ext,kaan,mouse
6105,ext,kaan,mouse
6106,ext,kaan,mouse
6107,ext,kaan,mouse
6108,ext,kaan,mouse
6109,ext,kaan,mouse
6110,ext,kaan,mouse
6111,ext,kaan,mouse
6112,ext,kaan,mouse
6113,ext,kaan,mouse
6114,ext,kaan,mouse
6115,ext,kaan,mouse
6116,ext,kaan,mouse
6117,ext,kaan,mouse
6118,ext,kaan,mouse
6119,ext,kaan,mouse
6120,ext,kaan,mouse
6121,ext,kaan,mouse
6122,ext,kaan,mouse
6123,ext,kaan,mouse
6124,ext,kaan,mouse
6125,ext,kaan,mouse
6126,ext,kaan,mouse
6127,ext,kaan,mouse
6128,ext,kaan,mouse
6129,ext,kaan,mouse
6130,ext,kaan,mouse
6131,ext,kaan,mouse
6132,ext,kaan,mouse
6133,ext,kaan,mouse
6134,ext,kaan,mouse
6135,ext,kaan,mouse
6136,ext,kaan,mouse
6137,ext,kaan,mouse
6138,ext,kaan,mouse
6139,ext,kaan,mouse
6140,ext,kaan,mouse
6141,ext,kaan,mouse
6142,ext,kaan,mouse
6143,ext,kaan,mouse
6144,ext,kaan,mouse
6145,ext,kaan,mouse
6146,ext,kaan,mouse
6147,ext,kaan,mouse
6148,ext,kaan,mouse
6149,ext,kaan,mouse
6150,ext,kaan,mouse
6151,ext,kaan,mouse
6152,ext,kaan,mouse
6153,ext,kaan,mouse
6154,ext,kaan,mouse
6155,ext,kaan,mouse
6156,ext,kaan,mouse
6157,ext,kaan,mouse
6158,ext,kaan,mouse
6159,ext,kaan,mouse
6160,ext,kaan,mouse
6161,ext,kaan,mouse
6162,ext,kaan,mouse
6163,ext,kaan,mouse
6164,ext,kaan,mouse
6165,ext,kaan,mouse
6166,ext,kaan,mouse
6167,ext,kaan,mouse
6168,ext,kaan,mouse
6169,ext,kaan,mouse
6170,ext,kaan,mouse
6171,ext,kaan,mouse
6172,ext,kaan,mouse
6173,ext,kaan,mouse
6174,ext,kaan,mouse
6175,ext,kaan,mouse
6176,ext,kaan,mouse
6177,ext,kaan,mouse
6178,ext,kaan,mouse
6179,ext,kaan,mouse
6180,ext,kaan,mouse
6181,ext,kaan,mouse
6182,ext,kaan,mouse
6183,ext,kaan,mouse
6184,ext,kaan,mouse
6185,ext,kaan,mouse
6186,ext,kaan,mouse
6187,ext,kaan,mouse
6188,ext,kaan,mouse
6189,ext,kaan,mouse
6190,ext,kaan,mouse
6191,ext,kaan,mouse
6192,ext,kaan,pcb
6193,ext,kaan,pcb
6194,ext,kaan,pcb
6195,ext,kaan,pcb
6196,ext,kaan,pcb
6197,ext,kaan,pcb
6198,ext,kaan,pcb
6199,ext,kaan,pcb
6200,ext,kaan,pcb
6201,ext,kaan,pcb
6202,ext,kaan,pcb
6203,ext,kaan,pcb
6204,ext,kaan,pcb
6205,ext,kaan,pcb
6206,ext,kaan,pcb
6207,ext,kaan,pcb
6208,ext,kaan,pcb
6209,ext,kaan,pcb
6210,ext,kaan,pcb
6211,ext,kaan,pcb
6212,ext,kaan,pcb
6213,ext,kaan,pcb
6214,ext,kaan,pcb
6215,ext,kaan,pcb
6216,ext,kaan,pcb
6217,ext,kaan,pcb
6218,ext,kaan,pcb
6219,ext,kaan,pcb
6220,ext,kaan,pcb
6221,ext,kaan,pcb
6222,ext,kaan,pcb
6223,ext,kaan,pcb
6224,ext,kaan,pcb
6225,ext,kaan,pcb
6226,ext,kaan,pcb
6227,ext,kaan,pcb
6228,ext,kaan,pcb
6229,ext,kaan,pcb
6230,ext,kaan,pcb
6231,ext,kaan,pcb
6232,ext,kaan,pcb
6233,ext,kaan,pcb
6234,ext,kaan,pcb
6235,ext,kaan,pcb
6236,ext,kaan,pcb
6237,ext,kaan,pcb
6238,ext,kaan,pcb
6239,ext,kaan,pcb
6240,ext,kaan,pcb
6241,ext,kaan,pcb
6242,ext,kaan,pcb
6243,ext,kaan,pcb
6244,ext,kaan,pcb
6245,ext,kaan,pcb
6246,ext,kaan,pcb
6247,ext,kaan,pcb
6248,ext,kaan,pcb
6249,ext,kaan,pcb
6250,ext,kaan,pcb
6251,ext,kaan,pcb
6252,ext,kaan,pcb
6253,ext,kaan,pcb
6254,ext,kaan,pcb
6255,ext,kaan,pcb
6256,ext,kaan,pcb
6257,ext,kaan,pcb
6258,ext,kaan,pcb
6259,ext,kaan,pcb
6260,ext,kaan,pcb
6261,ext,kaan,pcb
6262,ext,kaan,pcb
6263,ext,kaan,pcb
6264,ext,kaan,pcb
6265,ext,kaan,pcb
6266,ext,kaan,pcb
6267,ext,kaan,pcb
6268,ext,kaan,pcb
6269,ext,kaan,pcb
6270,ext,kaan,pcb
6271,ext,kaan,pcb
6272,ext,kaan,pcb
6273,ext,kaan,pcb
6274,ext,kaan,pcb
6275,ext,kaan,pcb
6276,ext,kaan,pcb
6277,ext,kaan,pcb
6278,ext,kaan,pcb
6279,ext,kaan,pcb
6280,ext,kaan,pcb
6281,ext,kaan,pcb
6282,ext,kaan,pcb
6283,ext,kaan,pcb
6284,ext,kaan,pcb
6285,ext,kaan,pcb
6286,ext,kaan,pcb
6287,ext,kaan,pcb
6288,ext,kaan,pcb
6289,ext,kaan,pcb
6290,ext,kaan,pcb
6291,ext,kaan,pcb
6292,ext,kaan,pcb
6293,ext,kaan,pcb
6294,ext,kaan,pcb
6295,ext,kaan,pcb
6296,ext,kaan,pcb
6297,ext,kaan,pcb
6298,ext,kaan,pcb
6299,ext,kaan,pcb
6300,ext,kaan,pcb
6301,ext,kaan,pcb
6302,ext,kaan,pcb
6303,ext,kaan,pcb
6304,ext,kaan,pcb
6305,ext,kaan,pcb
6306,ext,kaan,pcb
6307,ext,kaan,pcb
6308,ext,kaan,pcb
6309,ext,kaan,pcb
6310,ext,kaan,pcb
6311,ext,kaan,pcb
6312,ext,kaan,pcb
6313,ext,kaan,pcb
6314,ext,kaan,pcb
6315,ext,kaan,pcb
6316,ext,kaan,pcb
6317,ext,kaan,pcb
6318,ext,kaan,pcb
6319,ext,kaan,pcb
6320,ext,kaan,pcb
6321,ext,kaan,pcb
6322,ext,kaan,pcb
6323,ext,kaan,pcb
6324,ext,kaan,pcb
6325,ext,kaan,pcb
6326,ext,kaan,pcb
6327,ext,kaan,pcb
6328,ext,kaan,pcb
6329,ext,kaan,pcb
6330,ext,kaan,pcb
6331,ext,kaan,pcb
6332,ext,kaan,pcb
6333,ext,kaan,pcb
6334,ext,kaan,pcb
6335,ext,kaan,pcb
6336,ext,kaan,pcb
6337,ext,kaan,pcb
6338,ext,kaan,pcb
6339,ext,kaan,pcb
6340,ext,kaan,pcb
6341,ext,kaan,pcb
6342,ext,kaan,pcb
6343,ext,kaan,pcb
6344,ext,kaan,pcb
6345,ext,kaan,pcb
6346,ext,kaan,pcb
6347,ext,kaan,pcb
6348,ext,kaan,pcb
6349,ext,kaan,pcb
6350,ext,kaan,pcb
6351,ext,kaan,pcb
6352,ext,kaan,pcb
6353,ext,kaan,pcb
6354,ext,kaan,pcb
6355,ext,kaan,pcb
6356,ext,kaan,pcb
6357,ext,kaan,pcb
6358,ext,kaan,pcb
6359,ext,kaan,pcb
6360,ext,kaan,pcb
6361,ext,kaan,pcb
6362,ext,kaan,pcb
6363,ext,kaan,pcb
6364,ext,kaan,pcb
6365,ext,kaan,pcb
6366,ext,kaan,pcb
6367,ext,kaan,pcb
6368,ext,kaan,pcb
6369,ext,kaan,pcb
6370,ext,kaan,pcb
6371,ext,kaan,pcb
6372,ext,kaan,pcb
6373,ext,kaan,pcb
6374,ext,kaan,pcb
6375,ext,kaan,pcb
6376,ext,kaan,player
6377,ext,kaan,player
6378,ext,kaan,player
6379,ext,kaan,player
6380,ext,kaan,player
6381,ext,kaan,player
6382,ext,kaan,player
6383,ext,kaan,player
6384,ext,kaan,player
6385,ext,kaan,player
6386,ext,kaan,player
6387,ext,kaan,player
6388,ext,kaan,player
6389,ext,kaan,player
6390,ext,kaan,player
6391,ext,kaan,player
6392,ext,kaan,player
6393,ext,kaan,player
6394,ext,kaan,player
6395,ext,kaan,player
6396,ext,kaan,player
6397,ext,kaan,player
6398,ext,kaan,player
6399,ext,kaan,player
6400,ext,kaan,player
6401,ext,kaan,player
6402,ext,kaan,player
6403,ext,kaan,player
6404,ext,kaan,player
6405,ext,kaan,player
6406,ext,kaan,player
6407,ext,kaan,player
6408,ext,kaan,player
6409,ext,kaan,player
6410,ext,kaan,player
6411,ext,kaan,player
6412,ext,kaan,player
6413,ext,kaan,player
6414,ext,kaan,player
6415,ext,kaan,player
6416,ext,kaan,player
6417,ext,kaan,player
6418,ext,kaan,player
6419,ext,kaan,player
6420,ext,kaan,player
6421,ext,kaan,player
6422,ext,kaan,player
6423,ext,kaan,player
6424,ext,kaan,player
6425,ext,kaan,player
6426,ext,kaan,player
6427,ext,kaan,player
6428,ext,kaan,player
6429,ext,kaan,player
6430,ext,kaan,player
6431,ext,kaan,player
6432,ext,kaan,player
6433,ext,kaan,player
6434,ext,kaan,player
6435,ext,kaan,player
6436,ext,kaan,player
6437,ext,kaan,player
6438,ext,kaan,player
6439,ext,kaan,player
6440,ext,kaan,player
6441,ext,kaan,player
6442,ext,kaan,player
6443,ext,kaan,player
6444,ext,kaan,player
6445,ext,kaan,player
6446,ext,kaan,player
6447,ext,kaan,player
6448,ext,kaan,player
6449,ext,kaan,player
6450,ext,kaan,player
6451,ext,kaan,player
6452,ext,kaan,player
6453,ext,kaan,player
6454,ext,kaan,player
6455,ext,kaan,player
6456,ext,kaan,player
6457,ext,kaan,player
6458,ext,kaan,player
6459,ext,kaan,player
6460,ext,kaan,player
6461,ext,kaan,player
6462,ext,kaan,player
6463,ext,kaan,player
6464,ext,kaan,player
6465,ext,kaan,player
6466,ext,kaan,player
6467,ext,kaan,player
6468,ext,kaan,player
6469,ext,kaan,player
6470,ext,kaan,player
6471,ext,kaan,player
6472,ext,kaan,player
6473,ext,kaan,player
6474,ext,kaan,player
6475,ext,kaan,player
6476,ext,kaan,player
6477,ext,kaan,player
6478,ext,kaan,player
6479,ext,kaan,player
6480,ext,kaan,player
6481,ext,kaan,player
6482,ext,kaan,player
6483,ext,kaan,player
6484,ext,kaan,player
6485,ext,kaan,player
6486,ext,kaan,player
6487,ext,kaan,player
6488,ext,kaan,player
6489,ext,kaan,player
6490,ext,kaan,player
6491,ext,kaan,player
6492,ext,kaan,player
6493,ext,kaan,player
6494,ext,kaan,player
6495,ext,kaan,player
6496,ext,kaan,player
6497,ext,kaan,player
6498,ext,kaan,player
6499,ext,kaan,player
6500,ext,kaan,player
6501,ext,kaan,player
6502,ext,kaan,player
6503,ext,kaan,player
6504,ext,kaan,player
6505,ext,kaan,player
6506,ext,kaan,player
6507,ext,kaan,player
6508,ext,kaan,player
6509,ext,kaan,player
6510,ext,kaan,player
6511,ext,kaan,player
6512,ext,kaan,player
6513,ext,kaan,player
6514,ext,kaan,player
6515,ext,kaan,player
6516,ext,kaan,player
6517,ext,kaan,player
6518,ext,kaan,player
6519,ext,kaan,player
6520,ext,kaan,player
6521,ext,kaan,player
6522,ext,kaan,player
6523,ext,kaan,player
6524,ext,kaan,player
6525,ext,kaan,player
6526,ext,kaan,player
6527,ext,kaan,player
6528,ext,kaan,player
6529,ext,kaan,player
6530,ext,kaan,player
6531,ext,kaan,player
6532,ext,kaan,player
6533,ext,kaan,player
6534,ext,kaan,player
6535,ext,kaan,player
6536,ext,kaan,player
6537,ext,kaan,player
6538,ext,kaan,player
6539,ext,kaan,player
6540,ext,kaan,player
6541,ext,kaan,player
6542,ext,kaan,player
6543,ext,kaan,player
6544,ext,kaan,player
6545,ext,kaan,player
6546,ext,kaan,player
6547,ext,kaan,player
6548,ext,kaan,player
6549,ext,kaan,player
6550,ext,kaan,player
6551,ext,kaan,player
6552,ext,kaan,player
6553,ext,kaan,player
6554,ext,kaan,player
6555,ext,kaan,player
6556,ext,kaan,player
6557,ext,kaan,player
6558,ext,kaan,printer
6559,ext,kaan,printer
6560,ext,kaan,printer
6561,ext,kaan,printer
6562,ext,kaan,printer
6563,ext,kaan,printer
6564,ext,kaan,printer
6565,ext,kaan,printer
6566,ext,kaan,printer
6567,ext,kaan,printer
6568,ext,kaan,printer
6569,ext,kaan,printer
6570,ext,kaan,printer
6571,ext,kaan,printer
6572,ext,kaan,printer
6573,ext,kaan,printer
6574,ext,kaan,printer
6575,ext,kaan,printer
6576,ext,kaan,printer
6577,ext,kaan,printer
6578,ext,kaan,printer
6579,ext,kaan,printer
6580,ext,kaan,printer
6581,ext,kaan,printer
6582,ext,kaan,printer
6583,ext,kaan,printer
6584,ext,kaan,printer
6585,ext,kaan,printer
6586,ext,kaan,printer
6587,ext,kaan,printer
6588,ext,kaan,printer
6589,ext,kaan,printer
6590,ext,kaan,printer
6591,ext,kaan,printer
6592,ext,kaan,printer
6593,ext,kaan,printer
6594,ext,kaan,printer
6595,ext,kaan,printer
6596,ext,kaan,printer
6597,ext,kaan,printer
6598,ext,kaan,printer
6599,ext,kaan,printer
6600,ext,kaan,printer
6601,ext,kaan,printer
6602,ext,kaan,printer
6603,ext,kaan,printer
6604,ext,kaan,printer
6605,ext,kaan,printer
6606,ext,kaan,printer
6607,ext,kaan,printer
6608,ext,kaan,printer
6609,ext,kaan,printer
6610,ext,kaan,printer
6611,ext,kaan,printer
6612,ext,kaan,printer
6613,ext,kaan,printer
6614,ext,kaan,printer
6615,ext,kaan,printer
6616,ext,kaan,printer
6617,ext,kaan,printer
6618,ext,kaan,printer
6619,ext,kaan,printer
6620,ext,kaan,printer
6621,ext,kaan,printer
6622,ext,kaan,printer
6623,ext,kaan,printer
6624,ext,kaan,printer
6625,ext,kaan,printer
6626,ext,kaan,printer
6627,ext,kaan,printer
6628,ext,kaan,printer
6629,ext,kaan,printer
6630,ext,kaan,printer
6631,ext,kaan,printer
6632,ext,kaan,printer
6633,ext,kaan,printer
6634,ext,kaan,printer
6635,ext,kaan,printer
6636,ext,kaan,printer
6637,ext,kaan,printer
6638,ext,kaan,printer
6639,ext,kaan,printer
6640,ext,kaan,printer
6641,ext,kaan,printer
6642,ext,kaan,printer
6643,ext,kaan,printer
6644,ext,kaan,printer
6645,ext,kaan,printer
6646,ext,kaan,printer
6647,ext,kaan,printer
6648,ext,kaan,printer
6649,ext,kaan,printer
6650,ext,kaan,printer
6651,ext,kaan,printer
6652,ext,kaan,printer
6653,ext,kaan,printer
6654,ext,kaan,printer
6655,ext,kaan,printer
6656,ext,kaan,printer
6657,ext,kaan,printer
6658,ext,kaan,printer
6659,ext,kaan,printer
6660,ext,kaan,printer
6661,ext,kaan,printer
6662,ext,kaan,printer
6663,ext,kaan,printer
6664,ext,kaan,printer
6665,ext,kaan,printer
6666,ext,kaan,printer
6667,ext,kaan,printer
6668,ext,kaan,printer
6669,ext,kaan,printer
6670,ext,kaan,printer
6671,ext,kaan,printer
6672,ext,kaan,printer
6673,ext,kaan,printer
6674,ext,kaan,printer
6675,ext,kaan,printer
6676,ext,kaan,printer
6677,ext,kaan,printer
6678,ext,kaan,printer
6679,ext,kaan,printer
6680,ext,kaan,printer
6681,ext,kaan,printer
6682,ext,kaan,printer
6683,ext,kaan,printer
6684,ext,kaan,printer
6685,ext,kaan,printer
6686,ext,kaan,printer
6687,ext,kaan,printer
6688,ext,kaan,printer
6689,ext,kaan,printer
6690,ext,kaan,printer
6691,ext,kaan,printer
6692,ext,kaan,printer
6693,ext,kaan,printer
6694,ext,kaan,printer
6695,ext,kaan,printer
6696,ext,kaan,printer
6697,ext,kaan,printer
6698,ext,kaan,printer
6699,ext,kaan,printer
6700,ext,kaan,printer
6701,ext,kaan,printer
6702,ext,kaan,printer
6703,ext,kaan,printer
6704,ext,kaan,printer
6705,ext,kaan,printer
6706,ext,kaan,printer
6707,ext,kaan,printer
6708,ext,kaan,printer
6709,ext,kaan,printer
6710,ext,kaan,printer
6711,ext,kaan,printer
6712,ext,kaan,printer
6713,ext,kaan,printer
6714,ext,kaan,printer
6715,ext,kaan,printer
6716,ext,kaan,printer
6717,ext,kaan,printer
6718,ext,kaan,printer
6719,ext,kaan,printer
6720,ext,kaan,printer
6721,ext,kaan,printer
6722,ext,kaan,printer
6723,ext,kaan,printer
6724,ext,kaan,television
6725,ext,kaan,television
6726,ext,kaan,television
6727,ext,kaan,television
6728,ext,kaan,television
6729,ext,kaan,television
6730,ext,kaan,television
6731,ext,kaan,television
6732,ext,kaan,television
6733,ext,kaan,television
6734,ext,kaan,television
6735,ext,kaan,television
6736,ext,kaan,television
6737,ext,kaan,television
6738,ext,kaan,television
6739,ext,kaan,television
6740,ext,kaan,television
6741,ext,kaan,television
6742,ext,kaan,television
6743,ext,kaan,television
6744,ext,kaan,television
6745,ext,kaan,television
6746,ext,kaan,television
6747,ext,kaan,television
6748,ext,kaan,television
6749,ext,kaan,television
6750,ext,kaan,television
6751,ext,kaan,television
6752,ext,kaan,television
6753,ext,kaan,television
6754,ext,kaan,television
6755,ext,kaan,television
6756,ext,kaan,television
6757,ext,kaan,television
6758,ext,kaan,television
6759,ext,kaan,television
6760,ext,kaan,television
6761,ext,kaan,television
6762,ext,kaan,television
6763,ext,kaan,television
6764,ext,kaan,television
6765,ext,kaan,television
6766,ext,kaan,television
6767,ext,kaan,television
6768,ext,kaan,television
6769,ext,kaan,television
6770,ext,kaan,television
6771,ext,kaan,television
6772,ext,kaan,television
6773,ext,kaan,television
6774,ext,kaan,television
6775,ext,kaan,television
6776,ext,kaan,television
6777,ext,kaan,television
6778,ext,kaan,television
6779,ext,kaan,television
6780,ext,kaan,television
6781,ext,kaan,television
6782,ext,kaan,television
6783,ext,kaan,television
6784,ext,kaan,television
6785,ext,kaan,television
6786,ext,kaan,television
6787,ext,kaan,television
6788,ext,kaan,television
6789,ext,kaan,television
6790,ext,kaan,television
6791,ext,kaan,television
6792,ext,kaan,television
6793,ext,kaan,television
6794,ext,kaan,television
6795,ext,kaan,television
6796,ext,kaan,television
6797,ext,kaan,television
6798,ext,kaan,television
6799,ext,kaan,television
6800,ext,kaan,television
6801,ext,kaan,television
6802,ext,kaan,television
6803,ext,kaan,television
6804,ext,kaan,television
6805,ext,kaan,television
6806,ext,kaan,television
6807,ext,kaan,television
6808,ext,kaan,television
6809,ext,kaan,television
6810,ext,kaan,television
6811,ext,kaan,television
6812,ext,kaan,television
6813,ext,kaan,television
6814,ext,kaan,television
6815,ext,kaan,television
6816,ext,kaan,television
6817,ext,kaan,television
6818,ext,kaan,television
6819,ext,kaan,television
6820,ext,kaan,television
6821,ext,kaan,television
6822,ext,kaan,television
6823,ext,kaan,television
6824,ext,kaan,television
6825,ext,kaan,television
6826,ext,kaan,television
6827,ext,kaan,television
6828,ext,kaan,television
6829,ext,kaan,television
6830,ext,kaan,television
6831,ext,kaan,television
6832,ext,kaan,television
6833,ext,kaan,television
6834,ext,kaan,television
6835,ext,kaan,television
6836,ext,kaan,television
6837,ext,kaan,television
6838,ext,kaan,television
6839,ext,kaan,television
6840,ext,kaan,television
6841,ext,kaan,television
6842,ext,kaan,television
6843,ext,kaan,television
6844,ext,kaan,television
6845,ext,kaan,television
6846,ext,kaan,television
6847,ext,kaan,television
6848,ext,kaan,television
6849,ext,kaan,television
6850,ext,kaan,television
6851,ext,kaan,television
6852,ext,kaan,television
6853,ext,kaan,television
6854,ext,kaan,television
6855,ext,kaan,television
6856,ext,kaan,television
6857,ext,kaan,television
6858,ext,kaan,television
6859,ext,kaan,television
6860,ext,kaan,television
6861,ext,kaan,television
6862,ext,kaan,television
6863,ext,kaan,television
6864,ext,kaan,television
6865,ext,kaan,television
6866,ext,kaan,television
6867,ext,kaan,television
6868,ext,kaan,television
6869,ext,kaan,television
6870,ext,kaan,television
6871,ext,kaan,television
6872,ext,kaan,television
6873,ext,kaan,television
6874,ext,kaan,television
6875,ext,kaan,television
6876,ext,kaan,television
6877,ext,kaan,television
6878,ext,kaan,television
6879,ext,kaan,television
6880,ext,kaan,television
6881,ext,kaan,television
6882,ext,kaan,television
6883,ext,kaan,television
6884,ext,kaan,television
6885,ext,kaan,television
6886,ext,kaan,television
6887,ext,kaan,television
6888,ext,kaan,television
6889,ext,kaan,television
6890,ext,kaan,television
6891,ext,kaan,washing_machine
6892,ext,kaan,washing_machine
6893,ext,kaan,washing_machine
6894,ext,kaan,washing_machine
6895,ext,kaan,washing_machine
6896,ext,kaan,washing_machine
6897,ext,kaan,washing_machine
6898,ext,kaan,washing_machine
6899,ext,kaan,washing_machine
6900,ext,kaan,washing_machine
6901,ext,kaan,washing_machine
6902,ext,kaan,washing_machine
6903,ext,kaan,washing_machine
6904,ext,kaan,washing_machine
6905,ext,kaan,washing_machine
6906,ext,kaan,washing_machine
6907,ext,kaan,washing_machine
6908,ext,kaan,washing_machine
6909,ext,kaan,washing_machine
6910,ext,kaan,washing_machine
6911,ext,kaan,washing_machine
6912,ext,kaan,washing_machine
6913,ext,kaan,washing_machine
6914,ext,kaan,washing_machine
6915,ext,kaan,washing_machine
6916,ext,kaan,washing_machine
6917,ext,kaan,washing_machine
6918,ext,kaan,washing_machine
6919,ext,kaan,washing_machine
6920,ext,kaan,washing_machine
6921,ext,kaan,washing_machine
6922,ext,kaan,washing_machine
6923,ext,kaan,washing_machine
6924,ext,kaan,washing_machine
6925,ext,kaan,washing_machine
6926,ext,kaan,washing_machine
6927,ext,kaan,washing_machine
6928,ext,kaan,washing_machine
6929,ext,kaan,washing_machine
6930,ext,kaan,washing_machine
6931,ext,kaan,washing_machine
6932,ext,kaan,washing_machine
6933,ext,kaan,washing_machine
6934,ext,kaan,washing_machine
6935,ext,kaan,washing_machine
6936,ext,kaan,washing_machine
6937,ext,kaan,washing_machine
6938,ext,kaan,washing_machine
6939,ext,kaan,washing_machine
6940,ext,kaan,washing_machine
6941,ext,kaan,washing_machine
6942,ext,kaan,washing_machine
6943,ext,kaan,washing_machine
6944,ext,kaan,washing_machine
6945,ext,kaan,washing_machine
6946,ext,kaan,washing_machine
6947,ext,kaan,washing_machine
6948,ext,kaan,washing_machine
6949,ext,kaan,washing_machine
6950,ext,kaan,washing_machine
6951,ext,kaan,washing_machine
6952,ext,kaan,washing_machine
6953,ext,kaan,washing_machine
6954,ext,kaan,washing_machine
6955,ext,kaan,washing_machine
6956,ext,kaan,washing_machine
6957,ext,kaan,washing_machine
6958,ext,kaan,washing_machine
6959,ext,kaan,washing_machine
6960,ext,kaan,washing_machine
6961,ext,kaan,washing_machine
6962,ext,kaan,washing_machine
6963,ext,kaan,washing_machine
6964,ext,kaan,washing_machine
6965,ext,kaan,washing_machine
6966,ext,kaan,washing_machine
6967,ext,kaan,washing_machine
6968,ext,kaan,washing_machine
6969,ext,kaan,washing_machine
6970,ext,kaan,washing_machine
6971,ext,kaan,washing_machine
6972,ext,kaan,washing_machine
6973,ext,kaan,washing_machine
6974,ext,kaan,washing_machine
6975,ext,kaan,washing_machine
6976,ext,kaan,washing_machine
6977,ext,kaan,washing_machine
6978,ext,kaan,washing_machine
6979,ext,kaan,washing_machine
6980,ext,kaan,washing_machine
6981,ext,kaan,washing_machine
6982,ext,kaan,washing_machine
6983,ext,kaan,washing_machine
6984,ext,kaan,washing_machine
6985,ext,kaan,washing_machine
6986,ext,kaan,washing_machine
6987,ext,kaan,washing_machine
6988,ext,kaan,washing_machine
6989,ext,kaan,washing_machine
6990,ext,kaan,washing_machine
6991,ext,kaan,washing_machine
6992,ext,kaan,washing_machine
6993,ext,kaan,washing_machine
6994,ext,kaan,washing_machine
6995,ext,kaan,washing_machine
6996,ext,kaan,washing_machine
6997,ext,kaan,washing_machine
6998,ext,kaan,washing_machine
6999,ext,kaan,washing_machine
7000,ext,kaan,washing_machine
7001,ext,kaan,washing_machine
7002,ext,kaan,washing_machine
7003,ext,kaan,washing_machine
7004,ext,kaan,washing_machine
7005,ext,kaan,washing_machine
7006,ext,kaan,washing_machine
7007,ext,kaan,washing_machine
7008,ext,kaan,washing_machine
7009,ext,kaan,washing_machine
7010,ext,kaan,washing_machine
7011,ext,kaan,washing_machine
7012,ext,kaan,washing_machine
7013,ext,kaan,washing_machine
7014,ext,kaan,washing_machine
7015,ext,kaan,washing_machine
7016,ext,kaan,washing_machine
7017,ext,kaan,washing_machine
7018,ext,kaan,washing_machine
7019,ext,kaan,washing_machine
7020,ext,kaan,washing_machine
7021,ext,kaan,washing_machine
7022,ext,kaan,washing_machine
7023,ext,kaan,washing_machine
7024,ext,kaan,washing_machine
7025,ext,kaan,washing_machine
7026,ext,kaan,washing_machine
7027,ext,kaan,washing_machine
7028,ext,kaan,washing_machine
7029,ext,kaan,washing_machine
7030,ext,kaan,washing_machine
7031,ext,kaan,washing_machine
7032,ext,kaan,washing_machine
7033,ext,kaan,washing_machine
7034,ext,kaan,washing_machine
7035,ext,kaan,washing_machine
7036,ext,kaan,washing_machine
7037,ext,kaan,washing_machine
7038,ext,kaan,washing_machine
7039,ext,kaan,washing_machine
7040,ext,kaan,washing_machine
7041,ext,kaan,washing_machine
7042,ext,kaan,washing_machine
7043,ext,kaan,washing_machine
7044,ext,kaan,washing_machine
7045,ext,kaan,washing_machine
7046,ext,kaan,washing_machine
7047,ext,kaan,washing_machine
7048,ext,kaan,washing_machine
7049,ext,kaan,washing_machine
7050,ext,kaan,washing_machine
7051,ext,kaan,washing_machine
7052,ext,kaan,washing_machine
7053,ext,kaan,washing_machine
7054,ext,kaan,washing_machine
7055,ext,kaan,washing_machine
7056,ext,kaan,washing_machine
7057,ext,kaan,washing_machine
7058,ext,kaan,washing_machine
7059,ext,kaan,washing_machine
7060,ext,kaan,washing_machine
7061,ext,kaan,washing_machine
7062,ext,kaan,washing_machine
7063,ext,kaan,washing_machine
7064,ext,kaan,washing_machine
7065,ext,kaan,washing_machine
7066,ext,karan,battery
7067,ext,karan,battery
7068,ext,karan,battery
7069,ext,karan,battery
7070,ext,karan,battery
7071,ext,karan,battery
7072,ext,karan,battery
7073,ext,karan,battery
7074,ext,karan,battery
7075,ext,karan,battery
7076,ext,karan,battery
7077,ext,karan,battery
7078,ext,karan,battery
7079,ext,karan,battery
7080,ext,karan,battery
7081,ext,karan,battery
7082,ext,karan,battery
7083,ext,karan,battery
7084,ext,karan,battery
7085,ext,karan,battery
7086,ext,karan,battery
7087,ext,karan,battery
7088,ext,karan,battery
7089,ext,karan,battery
7090,ext,karan,battery
7091,ext,karan,battery
7092,ext,karan,battery
7093,ext,karan,battery
7094,ext,karan,battery
7095,ext,karan,battery
7096,ext,karan,battery
7097,ext,karan,battery
7098,ext,karan,battery
7099,ext,karan,battery
7100,ext,karan,battery
7101,ext,karan,battery
7102,ext,karan,battery
7103,ext,karan,battery
7104,ext,karan,battery
7105,ext,karan,battery
7106,ext,karan,battery
7107,ext,karan,battery
7108,ext,karan,battery
7109,ext,karan,battery
7110,ext,karan,battery
7111,ext,karan,battery
7112,ext,karan,battery
7113,ext,karan,battery
7114,ext,karan,battery
7115,ext,karan,battery
7116,ext,karan,battery
7117,ext,karan,battery
7118,ext,karan,battery
7119,ext,karan,battery
7120,ext,karan,battery
7121,ext,karan,battery
7122,ext,karan,battery
7123,ext,karan,battery
7124,ext,karan,battery
7125,ext,karan,battery
7126,ext,karan,battery
7127,ext,karan,battery
7128,ext,karan,battery
7129,ext,karan,battery
7130,ext,karan,battery
7131,ext,karan,battery
7132,ext,karan,battery
7133,ext,karan,battery
7134,ext,karan,battery
7135,ext,karan,battery
7136,ext,karan,battery
7137,ext,karan,battery
7138,ext,karan,battery
7139,ext,karan,battery
7140,ext,karan,battery
7141,ext,karan,battery
7142,ext,karan,battery
7143,ext,karan,battery
7144,ext,karan,battery
7145,ext,karan,battery
7146,ext,karan,battery
7147,ext,karan,battery
7148,ext,karan,battery
7149,ext,karan,battery
7150,ext,karan,battery
7151,ext,karan,battery
7152,ext,karan,battery
7153,ext,karan,battery
7154,ext,karan,battery
7155,ext,karan,battery
7156,ext,karan,battery
7157,ext,karan,battery
7158,ext,karan,battery
7159,ext,karan,battery
7160,ext,karan,battery
7161,ext,karan,battery
7162,ext,karan,battery
7163,ext,karan,battery
7164,ext,karan,battery
7165,ext,karan,battery
7166,ext,karan,battery
7167,ext,karan,battery
7168,ext,karan,battery
7169,ext,karan,battery
7170,ext,karan,battery
7171,ext,karan,battery
7172,ext,karan,battery
7173,ext,karan,battery
7174,ext,karan,battery
7175,ext,karan,battery
7176,ext,karan,battery
7177,ext,karan,battery
7178,ext,karan,battery
7179,ext,karan,battery
7180,ext,karan,battery
7181,ext,karan,battery
7182,ext,karan,battery
7183,ext,karan,battery
7184,ext,karan,battery
7185,ext,karan,battery
7186,ext,karan,battery
7187,ext,karan,battery
7188,ext,karan,battery
7189,ext,karan,battery
7190,ext,karan,battery
7191,ext,karan,battery
7192,ext,karan,battery
7193,ext,karan,battery
7194,ext,karan,battery
7195,ext,karan,battery
7196,ext,karan,battery
7197,ext,karan,battery
7198,ext,karan,battery
7199,ext,karan,battery
7200,ext,karan,battery
7201,ext,karan,battery
7202,ext,karan,battery
7203,ext,karan,battery
7204,ext,karan,battery
7205,ext,karan,battery
7206,ext,karan,battery
7207,ext,karan,battery
7208,ext,karan,battery
7209,ext,karan,battery
7210,ext,karan,battery
7211,ext,karan,battery
7212,ext,karan,battery
7213,ext,karan,battery
7214,ext,karan,battery
7215,ext,karan,battery
7216,ext,karan,battery
7217,ext,karan,battery
7218,ext,karan,battery
7219,ext,karan,battery
7220,ext,karan,battery
7221,ext,karan,battery
7222,ext,karan,battery
7223,ext,karan,battery
7224,ext,karan,battery
7225,ext,karan,battery
7226,ext,karan,battery
7227,ext,karan,battery
7228,ext,karan,battery
7229,ext,karan,battery
7230,ext,karan,battery
7231,ext,karan,battery
7232,ext,karan,battery
7233,ext,karan,battery
7234,ext,karan,battery
7235,ext,karan,battery
7236,ext,karan,battery
7237,ext,karan,battery
7238,ext,karan,battery
7239,ext,karan,battery
7240,ext,karan,battery
7241,ext,karan,battery
7242,ext,karan,battery
7243,ext,karan,battery
7244,ext,karan,battery
7245,ext,karan,battery
7246,ext,karan,battery
7247,ext,karan,battery
7248,ext,karan,battery
7249,ext,karan,battery
7250,ext,karan,battery
7251,ext,karan,battery
7252,ext,karan,battery
7253,ext,karan,battery
7254,ext,karan,battery
7255,ext,karan,battery
7256,ext,karan,battery
7257,ext,karan,battery
7258,ext,karan,battery
7259,ext,karan,battery
7260,ext,karan,battery
7261,ext,karan,battery
7262,ext,karan,battery
7263,ext,karan,battery
7264,ext,karan,battery
7265,ext,karan,battery
7266,ext,karan,battery
7267,ext,karan,battery
7268,ext,karan,battery
7269,ext,karan,battery
7270,ext,karan,battery
7271,ext,karan,battery
7272,ext,karan,battery
7273,ext,karan,battery
7274,ext,karan,battery
7275,ext,karan,battery
7276,ext,karan,battery
7277,ext,karan,battery
7278,ext,karan,battery
7279,ext,karan,battery
7280,ext,karan,battery
7281,ext,karan,battery
7282,ext,karan,battery
7283,ext,karan,battery
7284,ext,karan,battery
7285,ext,karan,battery
7286,ext,karan,battery
7287,ext,karan,battery
7288,ext,karan,battery
7289,ext,karan,battery
7290,ext,karan,battery
7291,ext,karan,battery
7292,ext,karan,battery
7293,ext,karan,battery
7294,ext,karan,battery
7295,ext,karan,battery
7296,ext,karan,battery
7297,ext,karan,battery
7298,ext,karan,battery
7299,ext,karan,battery
7300,ext,karan,battery
7301,ext,karan,battery
7302,ext,karan,battery
7303,ext,karan,battery
7304,ext,karan,battery
7305,ext,karan,battery
7306,ext,karan,battery
7307,ext,karan,battery
7308,ext,karan,battery
7309,ext,karan,battery
7310,ext,karan,battery
7311,ext,karan,battery
7312,ext,karan,battery
7313,ext,karan,battery
7314,ext,karan,battery
7315,ext,karan,battery
7316,ext,karan,battery
7317,ext,karan,battery
7318,ext,karan,battery
7319,ext,karan,battery
7320,ext,karan,battery
7321,ext,karan,battery
7322,ext,karan,battery
7323,ext,karan,battery
7324,ext,karan,battery
7325,ext,karan,battery
7326,ext,karan,battery
7327,ext,karan,battery
7328,ext,karan,battery
7329,ext,karan,battery
7330,ext,karan,battery
7331,ext,karan,battery
7332,ext,karan,battery
7333,ext,karan,battery
7334,ext,karan,battery
7335,ext,karan,battery
7336,ext,karan,battery
7337,ext,karan,battery
7338,ext,karan,battery
7339,ext,karan,battery
7340,ext,karan,battery
7341,ext,karan,battery
7342,ext,karan,battery
7343,ext,karan,battery
7344,ext,karan,battery
7345,ext,karan,battery
7346,ext,karan,battery
7347,ext,karan,battery
7348,ext,karan,battery
7349,ext,karan,battery
7350,ext,karan,battery
7351,ext,karan,battery
7352,ext,karan,battery
7353,ext,karan,battery
7354,ext,karan,battery
7355,ext,karan,battery
7356,ext,karan,battery
7357,ext,karan,battery
7358,ext,karan,battery
7359,ext,karan,battery
7360,ext,karan,battery
7361,ext,karan,battery
7362,ext,karan,battery
7363,ext,karan,battery
7364,ext,karan,battery
7365,ext,karan,battery
7366,ext,karan,battery
7367,ext,karan,battery
7368,ext,karan,battery
7369,ext,karan,battery
7370,ext,karan,battery
7371,ext,karan,battery
7372,ext,karan,battery
7373,ext,karan,battery
7374,ext,karan,battery
7375,ext,karan,battery
7376,ext,karan,battery
7377,ext,karan,battery
7378,ext,karan,battery
7379,ext,karan,battery
7380,ext,karan,battery
7381,ext,karan,battery
7382,ext,karan,battery
7383,ext,karan,battery
7384,ext,karan,battery
7385,ext,karan,battery
7386,ext,karan,battery
7387,ext,karan,battery
7388,ext,karan,battery
7389,ext,karan,battery
7390,ext,karan,battery
7391,ext,karan,battery
7392,ext,karan,battery
7393,ext,karan,battery
7394,ext,karan,battery
7395,ext,karan,battery
7396,ext,karan,battery
7397,ext,karan,battery
7398,ext,karan,battery
7399,ext,karan,battery
7400,ext,karan,battery
7401,ext,karan,battery
7402,ext,karan,battery
7403,ext,karan,battery
7404,ext,karan,battery
7405,ext,karan,battery
7406,ext,karan,battery
7407,ext,karan,battery
7408,ext,karan,battery
7409,ext,karan,battery
7410,ext,karan,battery
7411,ext,karan,battery
7412,ext,karan,battery
7413,ext,karan,battery
7414,ext,karan,battery
7415,ext,karan,battery
7416,ext,karan,battery
7417,ext,karan,battery
7418,ext,karan,battery
7419,ext,karan,battery
7420,ext,karan,battery
7421,ext,karan,battery
7422,ext,karan,battery
7423,ext,karan,battery
7424,ext,karan,battery
7425,ext,karan,battery
7426,ext,karan,battery
7427,ext,karan,battery
7428,ext,karan,battery
7429,ext,karan,battery
7430,ext,karan,battery
7431,ext,karan,battery
7432,ext,karan,battery
7433,ext,karan,battery
7434,ext,karan,battery
7435,ext,karan,battery
7436,ext,karan,battery
7437,ext,karan,battery
7438,ext,karan,battery
7439,ext,karan,battery
7440,ext,karan,battery
7441,ext,karan,battery
7442,ext,karan,battery
7443,ext,karan,battery
7444,ext,karan,battery
7445,ext,karan,battery
7446,ext,karan,battery
7447,ext,karan,battery
7448,ext,karan,battery
7449,ext,karan,battery
7450,ext,karan,battery
7451,ext,karan,battery
7452,ext,karan,battery
7453,ext,karan,battery
7454,ext,karan,battery
7455,ext,karan,battery
7456,ext,karan,battery
7457,ext,karan,battery
7458,ext,karan,battery
7459,ext,karan,battery
7460,ext,karan,battery
7461,ext,karan,battery
7462,ext,karan,battery
7463,ext,karan,battery
7464,ext,karan,battery
7465,ext,karan,battery
7466,ext,karan,battery
7467,ext,karan,battery
7468,ext,karan,battery
7469,ext,karan,battery
7470,ext,karan,battery
7471,ext,karan,battery
7472,ext,karan,battery
7473,ext,karan,battery
7474,ext,karan,battery
7475,ext,karan,battery
7476,ext,karan,battery
7477,ext,karan,battery
7478,ext,karan,battery
7479,ext,karan,battery
7480,ext,karan,battery
7481,ext,karan,battery
7482,ext,karan,battery
7483,ext,karan,battery
7484,ext,karan,battery
7485,ext,karan,battery
7486,ext,karan,battery
7487,ext,karan,battery
7488,ext,karan,battery
7489,ext,karan,battery
7490,ext,karan,battery
7491,ext,karan,battery
7492,ext,karan,battery
7493,ext,karan,battery
7494,ext,karan,battery
7495,ext,karan,battery
7496,ext,karan,battery
7497,ext,karan,battery
7498,ext,karan,battery
7499,ext,karan,battery
7500,ext,karan,battery
7501,ext,karan,battery
7502,ext,karan,battery
7503,ext,karan,battery
7504,ext,karan,battery
7505,ext,karan,battery
7506,ext,karan,battery
7507,ext,karan,battery
7508,ext,karan,battery
7509,ext,karan,battery
7510,ext,karan,battery
7511,ext,karan,battery
7512,ext,karan,battery
7513,ext,karan,battery
7514,ext,karan,battery
7515,ext,karan,battery
7516,ext,karan,battery
7517,ext,karan,battery
7518,ext,karan,battery
7519,ext,karan,battery
7520,ext,karan,battery
7521,ext,karan,battery
7522,ext,karan,battery
7523,ext,karan,battery
7524,ext,karan,battery
7525,ext,karan,battery
7526,ext,karan,battery
7527,ext,karan,battery
7528,ext,karan,battery
7529,ext,karan,battery
7530,ext,karan,battery
7531,ext,karan,battery
7532,ext,karan,battery
7533,ext,karan,battery
7534,ext,karan,battery
7535,ext,karan,battery
7536,ext,karan,battery
7537,ext,karan,battery
7538,ext,karan,battery
7539,ext,karan,battery
7540,ext,karan,battery
7541,ext,karan,battery
7542,ext,karan,battery
7543,ext,karan,battery
7544,ext,karan,battery
7545,ext,karan,battery
7546,ext,karan,battery
7547,ext,karan,battery
7548,ext,karan,battery
7549,ext,karan,battery
7550,ext,karan,battery
7551,ext,karan,battery
7552,ext,karan,battery
7553,ext,karan,battery
7554,ext,karan,battery
7555,ext,karan,battery
7556,ext,karan,battery
7557,ext,karan,battery
7558,ext,karan,battery
7559,ext,karan,battery
7560,ext,karan,battery
7561,ext,karan,battery
7562,ext,karan,battery
7563,ext,karan,battery
7564,ext,karan,battery
